Protocollo;Gruppo;DataOraIncidente;Localizzazione1;STRADA1;Localizzazione2;STRADA2;Strada02;Chilometrica;DaSpecificare;NaturaIncidente;particolaritastrade;TipoStrada;FondoStradale;Pavimentazione;Segnaletica;CondizioneAtmosferica;Traffico;Visibilita;Illuminazione;NUM_FERITI;NUM_RISERVATA;NUM_MORTI;NUM_ILLESI;Longitudine;Latitudine;Confermato;Progressivo;TipoVeicolo;StatoVeicolo;TipoPersona;Sesso;Tipolesione;Deceduto;DecedutoDopo;CinturaCascoUtilizzato;Airbag
2139270;18;10/09/2014 08:30;Strada Urbana;VIA DI BOCCEA;in prossimità;;del civico n.;291;;Tamponamento;Pendenza;Una carreggiata a doppio senso;Asciutto;Asfaltata;Verticale ed orizzontale;Sereno;Intenso;Buona;Ore Diurne;1;0;0;1;12.41455;41.90311;-1;1;Autovettura privata;In marcia / fermata / arresto;Conducente;F;Illeso;0;;Non accertato;Inesploso
2139270;18;10/09/2014 08:30;Strada Urbana;VIA DI BOCCEA;in prossimità;;del civico n.;291;;Tamponamento;Pendenza;Una carreggiata a doppio senso;Asciutto;Asfaltata;Verticale ed orizzontale;Sereno;Intenso;Buona;Ore Diurne;1;0;0;1;12.41455;41.90311;-1;2;Autovettura privata;In marcia / fermata / arresto;Conducente;F;Rifiuta cure immediate;0;NON DECEDUTO;Non accertato;
2139292;18;07/09/2014 12:15;Strada Urbana;VIA GAETANO MAZZONI;all'intersezione con;VIA DI MONTESPACCATO;VIA DI MONTESPACCATO;;;Scontro frontale/laterale SX fra veicoli in marcia;Incrocio;Una carreggiata a senso unico di marcia;Asciutto;Asfaltata;Verticale ed orizzontale;Sereno;Scarso;Buona;Ore Diurne;0;0;0;3;12.39362;41.9073;-1;1;Autovettura privata;In marcia / fermata / arresto;Conducente;M;Illeso;0;;Non accertato;Inesploso
2139292;18;07/09/2014 12:15;Strada Urbana;VIA GAETANO MAZZONI;all'intersezione con;VIA DI MONTESPACCATO;VIA DI MONTESPACCATO;;;Scontro frontale/laterale SX fra veicoli in marcia;Incrocio;Una carreggiata a senso unico di marcia;Asciutto;Asfaltata;Verticale ed orizzontale;Sereno;Scarso;Buona;Ore Diurne;0;0;0;3;12.39362;41.9073;-1;1;Autovettura privata;In marcia / fermata / arresto;Passeggero;M;Illeso;0;;Non accertato;Inesploso
2139292;18;07/09/2014 12:15;Strada Urbana;VIA GAETANO MAZZONI;all'intersezione con;VIA DI MONTESPACCATO;VIA DI MONTESPACCATO;;;Scontro frontale/laterale SX fra veicoli in marcia;Incrocio;Una carreggiata a senso unico di marcia;Asciutto;Asfaltata;Verticale ed orizzontale;Sereno;Scarso;Buona;Ore Diurne;0;0;0;3;12.39362;41.9073;-1;2;Autovettura privata;In marcia / fermata / arresto;Conducente;M;Illeso;0;;Non accertato;Inesploso
2139299;20;09/09/2014 16:10;Strada Urbana;PIAZZA LAURO DE BOSIS;da specificare;;;;prossimità Lungotevere Maresciallo Diaz;Scontro laterale fra veicoli in marcia;Rettilineo;Due carreggiate;Asciutto;Asfaltata;Verticale ed orizzontale;Sereno;Normale;Buona;Ore Diurne;1;0;0;2;12.45852;41.93078;-1;1;Autovettura privata;In marcia / fermata / arresto;Conducente;F;Illeso;0;;Non accertato;Inesploso
2139299;20;09/09/2014 16:10;Strada Urbana;PIAZZA LAURO DE BOSIS;da specificare;;;;prossimità Lungotevere Maresciallo Diaz;Scontro laterale fra veicoli in marcia;Rettilineo;Due carreggiate;Asciutto;Asfaltata;Verticale ed orizzontale;Sereno;Normale;Buona;Ore Diurne;1;0;0;2;12.45852;41.93078;-1;1;Autovettura privata;In marcia / fermata / arresto;Passeggero;M;Illeso;0;;Non accertato;Inesploso
2139299;20;09/09/2014 16:10;Strada Urbana;PIAZZA LAURO DE BOSIS;da specificare;;;;prossimità Lungotevere Maresciallo Diaz;Scontro laterale fra veicoli in marcia;Rettilineo;Due carreggiate;Asciutto;Asfaltata;Verticale ed orizzontale;Sereno;Normale;Buona;Ore Diurne;1;0;0;2;12.45852;41.93078;-1;2;Motociclo a solo;In marcia / fermata / arresto;Conducente;M;Rimandato;0;NON DECEDUTO;Non accertato;
2139336;9;10/09/2014 09:10;Strada Urbana;PIAZZALE LABICANO;da specificare;;;;ALT. VIA PRENESTINA;Scontro laterale fra veicoli in marcia;Rettilineo;Una carreggiata a doppio senso;Asciutto;Asfaltata;Verticale ed orizzontale;Sereno;Normale;Buona;Ore Diurne;0;0;0;2;12.51571;41.89139;-1;1;Vettura tranviaria;In marcia / fermata / arresto;Conducente;M;Illeso;0;;Esente;
2139336;9;10/09/2014 09:10;Strada Urbana;PIAZZALE LABICANO;da specificare;;;;ALT. VIA PRENESTINA;Scontro laterale fra veicoli in marcia;Rettilineo;Una carreggiata a doppio senso;Asciutto;Asfaltata;Verticale ed orizzontale;Sereno;Normale;Buona;Ore Diurne;0;0;0;2;12.51571;41.89139;-1;2;Autovettura privata;In marcia / fermata / arresto;Conducente;M;Illeso;0;;Utilizzato;Inesploso
2139337;12;09/09/2014 08:55;Strada Urbana;VIA CRISTOFORO COLOMBO;in prossimità;;del civico n.;494;;Tamponamento;Rettilineo;Più di due carreggiate;Asciutto;Asfaltata;Verticale ed orizzontale;Sereno;Intenso;Buona;Ore Diurne;1;0;0;2;12.47333;41.83853;-1;1;Autocarro inferiore 35 q.;In marcia / fermata / arresto;Conducente;M;Illeso;0;;Utilizzato;Inesploso
2139337;12;09/09/2014 08:55;Strada Urbana;VIA CRISTOFORO COLOMBO;in prossimità;;del civico n.;494;;Tamponamento;Rettilineo;Più di due carreggiate;Asciutto;Asfaltata;Verticale ed orizzontale;Sereno;Intenso;Buona;Ore Diurne;1;0;0;2;12.47333;41.83853;-1;1;Autocarro inferiore 35 q.;In marcia / fermata / arresto;Passeggero;M;Illeso;0;;Utilizzato;Inesistente
2139337;12;09/09/2014 08:55;Strada Urbana;VIA CRISTOFORO COLOMBO;in prossimità;;del civico n.;494;;Tamponamento;Rettilineo;Più di due carreggiate;Asciutto;Asfaltata;Verticale ed orizzontale;Sereno;Intenso;Buona;Ore Diurne;1;0;0;2;12.47333;41.83853;-1;2;Motociclo a solo;In marcia / fermata / arresto;Conducente;F;Rimandato;0;NON DECEDUTO;Utilizzato;
2139339;7;10/09/2014 07:00;Strada Urbana;VIA TOR DE' SCHIAVI;all'intersezione con;VIA DEI FAGGI;VIA DEI FAGGI;;;Scontro frontale/laterale SX fra veicoli in marcia;Incrocio;Una carreggiata a doppio senso;Asciutto;Asfaltata;Verticale ed orizzontale;Sereno;Normale;Buona;Ore Diurne;1;0;0;1;12.56297;41.88428;-1;1;Autovettura privata;In marcia / fermata / arresto;Conducente;M;Rimandato;0;NON DECEDUTO;Non accertato;Esploso
2139339;7;10/09/2014 07:00;Strada Urbana;VIA TOR DE' SCHIAVI;all'intersezione con;VIA DEI FAGGI;VIA DEI FAGGI;;;Scontro frontale/laterale SX fra veicoli in marcia;Incrocio;Una carreggiata a doppio senso;Asciutto;Asfaltata;Verticale ed orizzontale;Sereno;Normale;Buona;Ore Diurne;1;0;0;1;12.56297;41.88428;-1;2;Autovettura privata;In marcia / fermata / arresto;Conducente;F;Illeso;0;;Non accertato;Esploso
2139351;20;09/09/2014 16:10;Strada Urbana;VIA LUIGI BODIO;all'intersezione con;VIA GIUSTINO FORTUNATO;VIA GIUSTINO FORTUNATO;;;Scontro frontale/laterale DX fra veicoli in marcia;Incrocio;Una carreggiata a senso unico di marcia;Asciutto;Asfaltata;Verticale ed orizzontale;Sereno;Normale;Buona;Ore Diurne;1;0;0;4;12.46573;41.94507;-1;1;Autovettura privata;In marcia / fermata / arresto;Conducente;F;Illeso;0;;Non accertato;Inesploso
2139351;20;09/09/2014 16:10;Strada Urbana;VIA LUIGI BODIO;all'intersezione con;VIA GIUSTINO FORTUNATO;VIA GIUSTINO FORTUNATO;;;Scontro frontale/laterale DX fra veicoli in marcia;Incrocio;Una carreggiata a senso unico di marcia;Asciutto;Asfaltata;Verticale ed orizzontale;Sereno;Normale;Buona;Ore Diurne;1;0;0;4;12.46573;41.94507;-1;2;Autovettura privata;In marcia / fermata / arresto;Conducente;M;Illeso;0;;Non accertato;Inesploso
2139351;20;09/09/2014 16:10;Strada Urbana;VIA LUIGI BODIO;all'intersezione con;VIA GIUSTINO FORTUNATO;VIA GIUSTINO FORTUNATO;;;Scontro frontale/laterale DX fra veicoli in marcia;Incrocio;Una carreggiata a senso unico di marcia;Asciutto;Asfaltata;Verticale ed orizzontale;Sereno;Normale;Buona;Ore Diurne;1;0;0;4;12.46573;41.94507;-1;2;Autovettura privata;In marcia / fermata / arresto;Passeggero;F;Rifiuta cure immediate;0;NON DECEDUTO;Non accertato;Inesploso
2139351;20;09/09/2014 16:10;Strada Urbana;VIA LUIGI BODIO;all'intersezione con;VIA GIUSTINO FORTUNATO;VIA GIUSTINO FORTUNATO;;;Scontro frontale/laterale DX fra veicoli in marcia;Incrocio;Una carreggiata a senso unico di marcia;Asciutto;Asfaltata;Verticale ed orizzontale;Sereno;Normale;Buona;Ore Diurne;1;0;0;4;12.46573;41.94507;-1;2;Autovettura privata;In marcia / fermata / arresto;Passeggero;M;Illeso;0;;Non accertato;Inesploso
2139351;20;09/09/2014 16:10;Strada Urbana;VIA LUIGI BODIO;all'intersezione con;VIA GIUSTINO FORTUNATO;VIA GIUSTINO FORTUNATO;;;Scontro frontale/laterale DX fra veicoli in marcia;Incrocio;Una carreggiata a senso unico di marcia;Asciutto;Asfaltata;Verticale ed orizzontale;Sereno;Normale;Buona;Ore Diurne;1;0;0;4;12.46573;41.94507;-1;2;Autovettura privata;In marcia / fermata / arresto;Passeggero;F;Illeso;0;;Non accertato;Inesploso
2139358;17;09/09/2014 22:40;Strada Urbana;VIA LUIGI RIZZO;da specificare;;;;in prossimità di Via M. Bragadin;Infortunio per sola frenata improvvisa;Rettilineo;Una carreggiata a senso unico di marcia;Asciutto;Asfaltata;Verticale ed orizzontale;Nuvoloso;Scarso;Sufficiente;Sufficiente;1;0;0;1;12.44423;41.90748;-1;1;Autovettura privata;In marcia / fermata / arresto;Conducente;F;Illeso;0;;;
2139358;17;09/09/2014 22:40;Strada Urbana;VIA LUIGI RIZZO;da specificare;;;;in prossimità di Via M. Bragadin;Infortunio per sola frenata improvvisa;Rettilineo;Una carreggiata a senso unico di marcia;Asciutto;Asfaltata;Verticale ed orizzontale;Nuvoloso;Scarso;Sufficiente;Sufficiente;1;0;0;1;12.44423;41.90748;-1;2;Motociclo a solo;In marcia / fermata / arresto;Conducente;F;Rimandato;0;NON DECEDUTO;Non accertato;
2139359;23;08/09/2014 12:35;Strada Urbana;VIA DEL CIRCO MASSIMO;in prossimità;;del palo luce n.;8;;Tamponamento;Rettilineo;Una carreggiata a doppio senso;Asciutto;Asfaltata;Verticale ed orizzontale;Sereno;Normale;Buona;Ore Diurne;1;0;0;3;12.48313;41.88658;-1;1;Autocarro inferiore 35 q.;In marcia / fermata / arresto;Conducente;M;Illeso;0;;Non accertato;Inesistente
2139359;23;08/09/2014 12:35;Strada Urbana;VIA DEL CIRCO MASSIMO;in prossimità;;del palo luce n.;8;;Tamponamento;Rettilineo;Una carreggiata a doppio senso;Asciutto;Asfaltata;Verticale ed orizzontale;Sereno;Normale;Buona;Ore Diurne;1;0;0;3;12.48313;41.88658;-1;1;Autocarro inferiore 35 q.;In marcia / fermata / arresto;Passeggero;M;Illeso;0;;Non accertato;Inesploso
2139359;23;08/09/2014 12:35;Strada Urbana;VIA DEL CIRCO MASSIMO;in prossimità;;del palo luce n.;8;;Tamponamento;Rettilineo;Una carreggiata a doppio senso;Asciutto;Asfaltata;Verticale ed orizzontale;Sereno;Normale;Buona;Ore Diurne;1;0;0;3;12.48313;41.88658;-1;1;Autocarro inferiore 35 q.;In marcia / fermata / arresto;Passeggero;M;Illeso;0;;Non accertato;Inesploso
2139359;23;08/09/2014 12:35;Strada Urbana;VIA DEL CIRCO MASSIMO;in prossimità;;del palo luce n.;8;;Tamponamento;Rettilineo;Una carreggiata a doppio senso;Asciutto;Asfaltata;Verticale ed orizzontale;Sereno;Normale;Buona;Ore Diurne;1;0;0;3;12.48313;41.88658;-1;2;Motociclo a solo;In marcia / fermata / arresto;Conducente;M;Rifiuta cure immediate;0;NON DECEDUTO;Non accertato;
2139363;10;10/09/2014 08:10;Strada Urbana;VIA DI CASAL MORENA;in prossimità;;del civico n.;91;;Veicolo in marcia contro ostacolo fisso;Curva senza visuale libera;Una carreggiata a doppio senso;Asciutto;Asfaltata;Orizzontale;Sereno;Normale;Buona;Ore Diurne;0;0;0;1;12.61718;41.8236;-1;1;Autovettura privata;In marcia / fermata / arresto;Conducente;M;Illeso;0;;Non utilizzato;Esploso
2139364;3;08/09/2014 17:55;Strada Urbana;VIALE DELL'UNIVERSITA';da specificare;;;;in pross.tà Via del Castro Laurenziano;Scontro frontale/laterale SX fra veicoli in marcia;Rettilineo;Due carreggiate;Asciutto;Asfaltata;Verticale ed orizzontale;Sereno;Intenso;Buona;Ore Diurne;1;0;0;1;12.51649;41.90603;-1;1;Motociclo a solo;In marcia / fermata / arresto;Conducente;M;Rimandato;0;NON DECEDUTO;Non accertato;
2139364;3;08/09/2014 17:55;Strada Urbana;VIALE DELL'UNIVERSITA';da specificare;;;;in pross.tà Via del Castro Laurenziano;Scontro frontale/laterale SX fra veicoli in marcia;Rettilineo;Due carreggiate;Asciutto;Asfaltata;Verticale ed orizzontale;Sereno;Intenso;Buona;Ore Diurne;1;0;0;1;12.51649;41.90603;-1;2;Autovettura privata;In marcia / fermata / arresto;Conducente;M;Illeso;0;;Non accertato;Inesploso
2139375;4;09/09/2014 10:00;Strada Urbana;VIA MATTEO BANDELLO;in prossimità;;del civico n.;30;;Veicolo in marcia contro veicolo fermo;Rettilineo;Una carreggiata a doppio senso;Asciutto;Asfaltata;Assente;Sereno;Normale;Buona;Ore Diurne;0;0;0;2;12.54238;41.94525;-1;1;Autovettura privata;In marcia / fermata / arresto;Conducente;F;Illeso;0;;Non accertato;
2139375;4;09/09/2014 10:00;Strada Urbana;VIA MATTEO BANDELLO;in prossimità;;del civico n.;30;;Veicolo in marcia contro veicolo fermo;Rettilineo;Una carreggiata a doppio senso;Asciutto;Asfaltata;Assente;Sereno;Normale;Buona;Ore Diurne;0;0;0;2;12.54238;41.94525;-1;2;Autovettura privata;In marcia / fermata / arresto;Conducente;F;Illeso;0;;Non accertato;
2139384;18;08/09/2014 12:00;Strada Urbana;VIA BALDO DEGLI UBALDI;in corrispondenza;;del civico n.;100;;Scontro laterale fra veicoli in marcia;Rettilineo;Due carreggiate;Asciutto;Asfaltata;Verticale;Sereno;Intenso;Buona;Ore Diurne;0;0;0;2;12.43359;41.89898;-1;1;Autovettura privata;In marcia / fermata / arresto;Conducente;F;Illeso;0;;Non accertato;Inesploso
2139384;18;08/09/2014 12:00;Strada Urbana;VIA BALDO DEGLI UBALDI;in corrispondenza;;del civico n.;100;;Scontro laterale fra veicoli in marcia;Rettilineo;Due carreggiate;Asciutto;Asfaltata;Verticale;Sereno;Intenso;Buona;Ore Diurne;0;0;0;2;12.43359;41.89898;-1;2;Autoarticolato;In marcia / fermata / arresto;Conducente;M;Illeso;0;;Non accertato;Inesploso
2139403;2;09/09/2014 20:30;Strada Urbana;VIALE ERITREA;in prossimità;;del civico n.;46;;Tamponamento Multiplo;Rettilineo;Due carreggiate;Asciutto;Asfaltata;Verticale ed orizzontale;Sereno;Normale;Buona;Sufficiente;0;0;0;3;12.51591;41.92616;-1;1;Autovettura privata;In marcia / fermata / arresto;Conducente;F;Illeso;0;;;
2139403;2;09/09/2014 20:30;Strada Urbana;VIALE ERITREA;in prossimità;;del civico n.;46;;Tamponamento Multiplo;Rettilineo;Due carreggiate;Asciutto;Asfaltata;Verticale ed orizzontale;Sereno;Normale;Buona;Sufficiente;0;0;0;3;12.51591;41.92616;-1;2;Autovettura privata;In marcia / fermata / arresto;Conducente;M;Illeso;0;;;
2139403;2;09/09/2014 20:30;Strada Urbana;VIALE ERITREA;in prossimità;;del civico n.;46;;Tamponamento Multiplo;Rettilineo;Due carreggiate;Asciutto;Asfaltata;Verticale ed orizzontale;Sereno;Normale;Buona;Sufficiente;0;0;0;3;12.51591;41.92616;-1;3;Autovettura privata;In marcia / fermata / arresto;Conducente;F;Illeso;0;;;
2139404;20;09/09/2014 20:20;Regionale entro l'abitato;VIA CASSIA;all'intersezione con;VIA ORIOLO ROMANO;VIA ORIOLO ROMANO;;;Scontro frontale/laterale DX fra veicoli in marcia;Intersezione semaforizzata;Una carreggiata a doppio senso;Asciutto;Asfaltata;Verticale ed orizzontale;Nuvoloso;Normale;Sufficiente;Sufficiente;1;0;0;1;12.41447;41.9825;-1;1;Autovettura privata;In marcia / fermata / arresto;Conducente;F;Illeso;0;;;
2139404;20;09/09/2014 20:20;Regionale entro l'abitato;VIA CASSIA;all'intersezione con;VIA ORIOLO ROMANO;VIA ORIOLO ROMANO;;;Scontro frontale/laterale DX fra veicoli in marcia;Intersezione semaforizzata;Una carreggiata a doppio senso;Asciutto;Asfaltata;Verticale ed orizzontale;Nuvoloso;Normale;Sufficiente;Sufficiente;1;0;0;1;12.41447;41.9825;-1;2;Motociclo a solo;In marcia / fermata / arresto;Conducente;M;Rifiuta cure immediate;0;NON DECEDUTO;;
2139405;3;09/09/2014 17:30;Strada Urbana;VIALE DELLO SCALO S. LORENZO;in corrispondenza;;del civico n.;43;;Scontro laterale fra veicoli in marcia;Rettilineo;Più di due carreggiate;Asciutto;Asfaltata;Verticale ed orizzontale;Sereno;Normale;Buona;Ore Diurne;0;0;0;4;12.51733;41.89496;-1;1;Autovettura privata;In marcia / fermata / arresto;Conducente;M;Illeso;0;;Non accertato;Inesploso
2139405;3;09/09/2014 17:30;Strada Urbana;VIALE DELLO SCALO S. LORENZO;in corrispondenza;;del civico n.;43;;Scontro laterale fra veicoli in marcia;Rettilineo;Più di due carreggiate;Asciutto;Asfaltata;Verticale ed orizzontale;Sereno;Normale;Buona;Ore Diurne;0;0;0;4;12.51733;41.89496;-1;1;Autovettura privata;In marcia / fermata / arresto;Passeggero;F;Illeso;0;;Non accertato;Inesploso
2139405;3;09/09/2014 17:30;Strada Urbana;VIALE DELLO SCALO S. LORENZO;in corrispondenza;;del civico n.;43;;Scontro laterale fra veicoli in marcia;Rettilineo;Più di due carreggiate;Asciutto;Asfaltata;Verticale ed orizzontale;Sereno;Normale;Buona;Ore Diurne;0;0;0;4;12.51733;41.89496;-1;1;Autovettura privata;In marcia / fermata / arresto;Passeggero;M;Illeso;0;;Non accertato;Inesploso
2139405;3;09/09/2014 17:30;Strada Urbana;VIALE DELLO SCALO S. LORENZO;in corrispondenza;;del civico n.;43;;Scontro laterale fra veicoli in marcia;Rettilineo;Più di due carreggiate;Asciutto;Asfaltata;Verticale ed orizzontale;Sereno;Normale;Buona;Ore Diurne;0;0;0;4;12.51733;41.89496;-1;2;Motociclo a solo;In marcia / fermata / arresto;Conducente;M;Illeso;0;;Utilizzato;
2139424;4;09/09/2014 17:10;Strada Urbana;VIA UGO OJETTI;in corrispondenza;;del civico n.;59;;Investimento di pedone;Rettilineo;Due carreggiate;Asciutto;Asfaltata;Verticale ed orizzontale;Sereno;Normale;Buona;Ore Diurne;1;1;0;0;12.54964;41.94421;-1;;;;Pedone;F;Prognosi riservata;0;NON DECEDUTO;;
2139424;4;09/09/2014 17:10;Strada Urbana;VIA UGO OJETTI;in corrispondenza;;del civico n.;59;;Investimento di pedone;Rettilineo;Due carreggiate;Asciutto;Asfaltata;Verticale ed orizzontale;Sereno;Normale;Buona;Ore Diurne;1;1;0;0;12.54964;41.94421;-1;1;Motociclo a solo;In marcia / fermata / arresto;Conducente;M;Rimandato;0;NON DECEDUTO;Non accertato;
2139452;23;08/09/2014 12:30;Strada Urbana;LUNGOTEVERE DEGLI ANGUILLARA;da specificare;;;;da ponte garibaldi a ponte cestio;Scontro laterale fra veicoli in marcia;Rettilineo;Una carreggiata a senso unico di marcia;Asciutto;Asfaltata;Assente;Sereno;Normale;Buona;Ore Diurne;0;0;0;4;12.47581;41.89001;-1;1;Autovettura privata;In marcia / fermata / arresto;Conducente;F;Illeso;0;;Non accertato;Inesploso
2139452;23;08/09/2014 12:30;Strada Urbana;LUNGOTEVERE DEGLI ANGUILLARA;da specificare;;;;da ponte garibaldi a ponte cestio;Scontro laterale fra veicoli in marcia;Rettilineo;Una carreggiata a senso unico di marcia;Asciutto;Asfaltata;Assente;Sereno;Normale;Buona;Ore Diurne;0;0;0;4;12.47581;41.89001;-1;2;Autocarro inferiore 35 q.;In marcia / fermata / arresto;Conducente;M;Illeso;0;;Non accertato;Inesploso
2139452;23;08/09/2014 12:30;Strada Urbana;LUNGOTEVERE DEGLI ANGUILLARA;da specificare;;;;da ponte garibaldi a ponte cestio;Scontro laterale fra veicoli in marcia;Rettilineo;Una carreggiata a senso unico di marcia;Asciutto;Asfaltata;Assente;Sereno;Normale;Buona;Ore Diurne;0;0;0;4;12.47581;41.89001;-1;2;Autocarro inferiore 35 q.;In marcia / fermata / arresto;Passeggero;M;Illeso;0;;Non accertato;Inesploso
2139452;23;08/09/2014 12:30;Strada Urbana;LUNGOTEVERE DEGLI ANGUILLARA;da specificare;;;;da ponte garibaldi a ponte cestio;Scontro laterale fra veicoli in marcia;Rettilineo;Una carreggiata a senso unico di marcia;Asciutto;Asfaltata;Assente;Sereno;Normale;Buona;Ore Diurne;0;0;0;4;12.47581;41.89001;-1;2;Autocarro inferiore 35 q.;In marcia / fermata / arresto;Passeggero;M;Illeso;0;;Non accertato;Inesploso
2139456;4;09/09/2014 01:40;Strada Urbana;VIA DELLA TENUTA REDICICOLI;da specificare;;;;prossimità GRA;Veicolo in marcia contro ostacolo fisso;Curva senza visuale libera;Una carreggiata a senso unico di marcia;Asciutto;Asfaltata;Verticale ed orizzontale;Sereno;Scarso;Sufficiente;Sufficiente;0;0;0;3;12.48018;41.87239;-1;1;Autovettura privata;In marcia / fermata / arresto;Conducente;M;Illeso;0;;Non accertato;Inesistente
2139456;4;09/09/2014 01:40;Strada Urbana;VIA DELLA TENUTA REDICICOLI;da specificare;;;;prossimità GRA;Veicolo in marcia contro ostacolo fisso;Curva senza visuale libera;Una carreggiata a senso unico di marcia;Asciutto;Asfaltata;Verticale ed orizzontale;Sereno;Scarso;Sufficiente;Sufficiente;0;0;0;3;12.48018;41.87239;-1;1;Autovettura privata;In marcia / fermata / arresto;Passeggero;M;Illeso;0;;Non accertato;Inesistente
2139465;4;09/09/2014 20:00;Strada Urbana;VIA CONCA D'ORO;in prossimità;;del civico n.;169;;Tamponamento;Rettilineo;Una carreggiata a senso unico di marcia;Asciutto;Asfaltata;Verticale ed orizzontale;Sereno;Normale;Buona;Ore Diurne;0;0;0;2;12.52502;41.94012;-1;1;Autovettura privata;In marcia / fermata / arresto;Conducente;M;Illeso;0;;Non accertato;Inesploso
2139465;4;09/09/2014 20:00;Strada Urbana;VIA CONCA D'ORO;in prossimità;;del civico n.;169;;Tamponamento;Rettilineo;Una carreggiata a senso unico di marcia;Asciutto;Asfaltata;Verticale ed orizzontale;Sereno;Normale;Buona;Ore Diurne;0;0;0;2;12.52502;41.94012;-1;2;Autovettura privata;In marcia / fermata / arresto;Conducente;M;Illeso;0;;Non accertato;Inesploso
2139468;4;09/09/2014 20:40;Strada Urbana;VIA DELLA BUFALOTTA;all'intersezione con;VIA MARIO CERMENATI;VIA MARIO CERMENATI;;;Veicolo in marcia contro ostacolo fisso;Incrocio;Una carreggiata a doppio senso;Asciutto;Asfaltata;Assente;Sereno;Normale;Sufficiente;Sufficiente;3;0;0;0;12.5459;41.95812;-1;1;Autovettura privata;In marcia / fermata / arresto;Conducente;F;Rimandato;0;NON DECEDUTO;Non accertato;
2139468;4;09/09/2014 20:40;Strada Urbana;VIA DELLA BUFALOTTA;all'intersezione con;VIA MARIO CERMENATI;VIA MARIO CERMENATI;;;Veicolo in marcia contro ostacolo fisso;Incrocio;Una carreggiata a doppio senso;Asciutto;Asfaltata;Assente;Sereno;Normale;Sufficiente;Sufficiente;3;0;0;0;12.5459;41.95812;-1;1;Autovettura privata;In marcia / fermata / arresto;Passeggero;M;Rimandato;0;NON DECEDUTO;Non accertato;
2139468;4;09/09/2014 20:40;Strada Urbana;VIA DELLA BUFALOTTA;all'intersezione con;VIA MARIO CERMENATI;VIA MARIO CERMENATI;;;Veicolo in marcia contro ostacolo fisso;Incrocio;Una carreggiata a doppio senso;Asciutto;Asfaltata;Assente;Sereno;Normale;Sufficiente;Sufficiente;3;0;0;0;12.5459;41.95812;-1;1;Autovettura privata;In marcia / fermata / arresto;Passeggero;M;Rimandato;0;NON DECEDUTO;Non accertato;
2139469;18;08/09/2014 17:30;Strada Urbana;VIA DELLA MADONNA DEL RIPOSO;in prossimità;;del civico n.;115;;Scontro laterale fra veicoli in marcia;Rettilineo;Una carreggiata a senso unico di marcia;Asciutto;Asfaltata;Assente;Sereno;Scarso;Buona;Ore Diurne;2;0;0;2;12.43063;41.89612;-1;1;Autovettura privata;In marcia / fermata / arresto;Conducente;F;Illeso;0;;Non accertato;Inesploso
2139469;18;08/09/2014 17:30;Strada Urbana;VIA DELLA MADONNA DEL RIPOSO;in prossimità;;del civico n.;115;;Scontro laterale fra veicoli in marcia;Rettilineo;Una carreggiata a senso unico di marcia;Asciutto;Asfaltata;Assente;Sereno;Scarso;Buona;Ore Diurne;2;0;0;2;12.43063;41.89612;-1;1;Autovettura privata;In marcia / fermata / arresto;Passeggero;M;Illeso;0;;Non accertato;Inesploso
2139469;18;08/09/2014 17:30;Strada Urbana;VIA DELLA MADONNA DEL RIPOSO;in prossimità;;del civico n.;115;;Scontro laterale fra veicoli in marcia;Rettilineo;Una carreggiata a senso unico di marcia;Asciutto;Asfaltata;Assente;Sereno;Scarso;Buona;Ore Diurne;2;0;0;2;12.43063;41.89612;-1;2;Motociclo con passeggero;In marcia / fermata / arresto;Conducente;M;Rifiuta cure immediate;0;NON DECEDUTO;Non accertato;
2139469;18;08/09/2014 17:30;Strada Urbana;VIA DELLA MADONNA DEL RIPOSO;in prossimità;;del civico n.;115;;Scontro laterale fra veicoli in marcia;Rettilineo;Una carreggiata a senso unico di marcia;Asciutto;Asfaltata;Assente;Sereno;Scarso;Buona;Ore Diurne;2;0;0;2;12.43063;41.89612;-1;2;Motociclo con passeggero;In marcia / fermata / arresto;Passeggero;M;Rifiuta cure immediate;0;NON DECEDUTO;Non accertato;
2139470;4;09/09/2014 13:20;Strada Urbana;VIA DI CASAL BOCCONE;in prossimità;;del civico n.;208;;Scontro frontale fra veicoli in marcia;Curva a visuale libera;Una carreggiata a doppio senso;Asciutto;Asfaltata;Verticale ed orizzontale;Sereno;Normale;Buona;Ore Diurne;2;0;0;0;12.55444;41.96519;-1;1;Autocarro inferiore 35 q.;In marcia / fermata / arresto;Conducente;M;Rimandato;0;NON DECEDUTO;Non accertato;Esploso
2139470;4;09/09/2014 13:20;Strada Urbana;VIA DI CASAL BOCCONE;in prossimità;;del civico n.;208;;Scontro frontale fra veicoli in marcia;Curva a visuale libera;Una carreggiata a doppio senso;Asciutto;Asfaltata;Verticale ed orizzontale;Sereno;Normale;Buona;Ore Diurne;2;0;0;0;12.55444;41.96519;-1;2;Autovettura privata;In marcia / fermata / arresto;Conducente;M;Ricoverato;0;NON DECEDUTO;Non accertato;Esploso
2139474;20;09/09/2014 12:40;Strada Urbana;VIALE DI TOR DI QUINTO;in corrispondenza;;del civico n.;151;;Scontro laterale fra veicoli in marcia;Rettilineo;Due carreggiate;Asciutto;Asfaltata;Verticale ed orizzontale;Sereno;Normale;Buona;Ore Diurne;0;0;0;2;12.48458;41.94935;-1;1;Autovettura privata;In marcia / fermata / arresto;Conducente;F;Illeso;0;;Non accertato;Inesploso