Protocollo;Gruppo;DataOraIncidente;Localizzazione1;STRADA1;Localizzazione2;STRADA2;Strada02;Chilometrica;DaSpecificare;NaturaIncidente;particolaritastrade;TipoStrada;FondoStradale;Pavimentazione;Segnaletica;CondizioneAtmosferica;Traffico;Visibilita;Illuminazione;NUM_FERITI;NUM_RISERVATA;NUM_MORTI;NUM_ILLESI;Longitudine;Latitudine;Confermato;Progressivo;TipoVeicolo;StatoVeicolo;TipoPersona;Sesso;Tipolesione;Deceduto;DecedutoDopo;CinturaCascoUtilizzato;Airbag
2147820;23;18/09/2014 16:10;Strada Urbana;VIA CRISTOFORO COLOMBO;in corrispondenza;;della chilometrica;20.55;;Tamponamento;Rettilineo;Più di due carreggiate;Asciutto;Asfaltata;Verticale ed orizzontale;Sereno;Normale;Buona;Ore Diurne;2;0;0;2;12.43204;41.7931;-1;2;Autovettura privata;In marcia / fermata / arresto;Conducente;M;Rimandato;0;NON DECEDUTO;Non accertato;Inesploso
2147820;23;18/09/2014 16:10;Strada Urbana;VIA CRISTOFORO COLOMBO;in corrispondenza;;della chilometrica;20.55;;Tamponamento;Rettilineo;Più di due carreggiate;Asciutto;Asfaltata;Verticale ed orizzontale;Sereno;Normale;Buona;Ore Diurne;2;0;0;2;12.43204;41.7931;-1;2;Autovettura privata;In marcia / fermata / arresto;Passeggero;F;Illeso;0;;Utilizzato;Inesploso
2147820;23;18/09/2014 16:10;Strada Urbana;VIA CRISTOFORO COLOMBO;in corrispondenza;;della chilometrica;20.55;;Tamponamento;Rettilineo;Più di due carreggiate;Asciutto;Asfaltata;Verticale ed orizzontale;Sereno;Normale;Buona;Ore Diurne;2;0;0;2;12.43204;41.7931;-1;2;Autovettura privata;In marcia / fermata / arresto;Passeggero;M;Illeso;0;;Utilizzato;Inesploso
2147849;20;20/09/2014 07:15;Regionale entro l'abitato;VIA CASSIA;da specificare;;;;prossimità via Bracciano;Scontro laterale fra veicoli in marcia;Rettilineo;Una carreggiata a doppio senso;Asciutto;Asfaltata;Orizzontale;Nuvoloso;Scarso;Buona;Ore Diurne;1;0;0;2;12.41447;41.9825;-1;1;Motociclo a solo;In marcia / fermata / arresto;Conducente;M;Rimandato;0;NON DECEDUTO;Non accertato;
2147849;20;20/09/2014 07:15;Regionale entro l'abitato;VIA CASSIA;da specificare;;;;prossimità via Bracciano;Scontro laterale fra veicoli in marcia;Rettilineo;Una carreggiata a doppio senso;Asciutto;Asfaltata;Orizzontale;Nuvoloso;Scarso;Buona;Ore Diurne;1;0;0;2;12.41447;41.9825;-1;2;Autovettura privata;In marcia / fermata / arresto;Conducente;M;Illeso;0;;Non accertato;Inesploso
2147849;20;20/09/2014 07:15;Regionale entro l'abitato;VIA CASSIA;da specificare;;;;prossimità via Bracciano;Scontro laterale fra veicoli in marcia;Rettilineo;Una carreggiata a doppio senso;Asciutto;Asfaltata;Orizzontale;Nuvoloso;Scarso;Buona;Ore Diurne;1;0;0;2;12.41447;41.9825;-1;2;Autovettura privata;In marcia / fermata / arresto;Passeggero;F;Illeso;0;;Non accertato;Inesploso
2147882;13;19/09/2014 17:00;Strada Urbana;VIA ANTONIO LOTTI;all'intersezione con;VIA ANTONIO BAZZINI;VIA ANTONIO BAZZINI;;;Scontro frontale/laterale DX fra veicoli in marcia;Incrocio;Una carreggiata a doppio senso;Asciutto;Asfaltata;Verticale;Sereno;Scarso;Buona;Ore Diurne;0;0;0;3;12.3815;41.75083;-1;1;Autovettura privata;In marcia / fermata / arresto;Conducente;F;Illeso;0;;Non accertato;Inesploso
2147882;13;19/09/2014 17:00;Strada Urbana;VIA ANTONIO LOTTI;all'intersezione con;VIA ANTONIO BAZZINI;VIA ANTONIO BAZZINI;;;Scontro frontale/laterale DX fra veicoli in marcia;Incrocio;Una carreggiata a doppio senso;Asciutto;Asfaltata;Verticale;Sereno;Scarso;Buona;Ore Diurne;0;0;0;3;12.3815;41.75083;-1;1;Autovettura privata;In marcia / fermata / arresto;Passeggero;F;Illeso;0;;Non accertato;Inesploso
2147882;13;19/09/2014 17:00;Strada Urbana;VIA ANTONIO LOTTI;all'intersezione con;VIA ANTONIO BAZZINI;VIA ANTONIO BAZZINI;;;Scontro frontale/laterale DX fra veicoli in marcia;Incrocio;Una carreggiata a doppio senso;Asciutto;Asfaltata;Verticale;Sereno;Scarso;Buona;Ore Diurne;0;0;0;3;12.3815;41.75083;-1;2;Autovettura privata;In marcia / fermata / arresto;Conducente;M;Illeso;0;;Non accertato;Inesploso
2147886;9;19/09/2014 18:50;Strada Urbana;VIA APPIA NUOVA;da specificare;;;;fronte via Gino CAPPONI;Tamponamento;Rettilineo;Più di due carreggiate;Asciutto;Asfaltata;Verticale ed orizzontale;Sereno;Intenso;Buona;Ore Diurne;1;0;0;1;12.52135;41.8759;-1;1;Autovettura privata;In marcia / fermata / arresto;Conducente;F;Rimandato;0;NON DECEDUTO;Non accertato;Inesploso
2147886;9;19/09/2014 18:50;Strada Urbana;VIA APPIA NUOVA;da specificare;;;;fronte via Gino CAPPONI;Tamponamento;Rettilineo;Più di due carreggiate;Asciutto;Asfaltata;Verticale ed orizzontale;Sereno;Intenso;Buona;Ore Diurne;1;0;0;1;12.52135;41.8759;-1;2;Autovettura privata;In marcia / fermata / arresto;Conducente;F;Illeso;0;;Non accertato;Inesploso
2147895;6;20/09/2014 11:00;Strada Urbana;VIA CASILINA;in corrispondenza;;del civico n.;410;;Tamponamento Multiplo;Rettilineo;Più di due carreggiate;Asciutto;Asfaltata;Assente;Sereno;Normale;Buona;Ore Diurne;1;0;0;5;12.54269;41.87987;-1;1;Autovettura privata;In marcia / fermata / arresto;Conducente;M;Illeso;0;;Non accertato;
2147895;6;20/09/2014 11:00;Strada Urbana;VIA CASILINA;in corrispondenza;;del civico n.;410;;Tamponamento Multiplo;Rettilineo;Più di due carreggiate;Asciutto;Asfaltata;Assente;Sereno;Normale;Buona;Ore Diurne;1;0;0;5;12.54269;41.87987;-1;2;Autovettura privata;In marcia / fermata / arresto;Conducente;F;Rifiuta cure immediate;0;NON DECEDUTO;;
2147895;6;20/09/2014 11:00;Strada Urbana;VIA CASILINA;in corrispondenza;;del civico n.;410;;Tamponamento Multiplo;Rettilineo;Più di due carreggiate;Asciutto;Asfaltata;Assente;Sereno;Normale;Buona;Ore Diurne;1;0;0;5;12.54269;41.87987;-1;3;Autovettura privata;In marcia / fermata / arresto;Conducente;M;Illeso;0;;;
2147895;6;20/09/2014 11:00;Strada Urbana;VIA CASILINA;in corrispondenza;;del civico n.;410;;Tamponamento Multiplo;Rettilineo;Più di due carreggiate;Asciutto;Asfaltata;Assente;Sereno;Normale;Buona;Ore Diurne;1;0;0;5;12.54269;41.87987;-1;3;Autovettura privata;In marcia / fermata / arresto;Passeggero;F;Illeso;0;;Non accertato;
2147895;6;20/09/2014 11:00;Strada Urbana;VIA CASILINA;in corrispondenza;;del civico n.;410;;Tamponamento Multiplo;Rettilineo;Più di due carreggiate;Asciutto;Asfaltata;Assente;Sereno;Normale;Buona;Ore Diurne;1;0;0;5;12.54269;41.87987;-1;3;Autovettura privata;In marcia / fermata / arresto;Passeggero;M;Illeso;0;;Non accertato;
2147895;6;20/09/2014 11:00;Strada Urbana;VIA CASILINA;in corrispondenza;;del civico n.;410;;Tamponamento Multiplo;Rettilineo;Più di due carreggiate;Asciutto;Asfaltata;Assente;Sereno;Normale;Buona;Ore Diurne;1;0;0;5;12.54269;41.87987;-1;3;Autovettura privata;In marcia / fermata / arresto;Passeggero;M;Illeso;0;;Non accertato;
2147936;13;19/09/2014 18:10;Strada Urbana;VIA DI SAPONARA;all'intersezione con;VIALE ENRICO ORTOLANI;VIALE ENRICO ORTOLANI;;;Scontro frontale/laterale DX fra veicoli in marcia;Incrocio;Una carreggiata a doppio senso;Asciutto;Asfaltata;Verticale;Nuvoloso;Normale;Buona;Ore Diurne;2;0;0;0;12.34524;41.77414;-1;1;Motociclo con passeggero;In marcia / fermata / arresto;Conducente;M;Rimandato;0;NON DECEDUTO;Non accertato;
2147936;13;19/09/2014 18:10;Strada Urbana;VIA DI SAPONARA;all'intersezione con;VIALE ENRICO ORTOLANI;VIALE ENRICO ORTOLANI;;;Scontro frontale/laterale DX fra veicoli in marcia;Incrocio;Una carreggiata a doppio senso;Asciutto;Asfaltata;Verticale;Nuvoloso;Normale;Buona;Ore Diurne;2;0;0;0;12.34524;41.77414;-1;2;Autovettura privata;In marcia / fermata / arresto;Conducente;F;Rimandato;0;NON DECEDUTO;Non accertato;Inesploso
2148025;13;20/09/2014 11:45;Strada Urbana;VIA CESARE MACCARI;all'intersezione con;VIA ALBERTO GALLI;VIA ALBERTO GALLI;;;Scontro frontale/laterale DX fra veicoli in marcia;Incrocio;Una carreggiata a doppio senso;Asciutto;Asfaltata;Verticale ed orizzontale;Sereno;Intenso;Sufficiente;Ore Diurne;0;0;0;5;12.3562;41.77652;-1;1;Autovettura privata;In marcia / fermata / arresto;Conducente;M;Illeso;0;;Non accertato;Inesploso
2148025;13;20/09/2014 11:45;Strada Urbana;VIA CESARE MACCARI;all'intersezione con;VIA ALBERTO GALLI;VIA ALBERTO GALLI;;;Scontro frontale/laterale DX fra veicoli in marcia;Incrocio;Una carreggiata a doppio senso;Asciutto;Asfaltata;Verticale ed orizzontale;Sereno;Intenso;Sufficiente;Ore Diurne;0;0;0;5;12.3562;41.77652;-1;1;Autovettura privata;In marcia / fermata / arresto;Passeggero;M;Illeso;0;;Non accertato;Inesploso
2148025;13;20/09/2014 11:45;Strada Urbana;VIA CESARE MACCARI;all'intersezione con;VIA ALBERTO GALLI;VIA ALBERTO GALLI;;;Scontro frontale/laterale DX fra veicoli in marcia;Incrocio;Una carreggiata a doppio senso;Asciutto;Asfaltata;Verticale ed orizzontale;Sereno;Intenso;Sufficiente;Ore Diurne;0;0;0;5;12.3562;41.77652;-1;2;Autovettura privata;In marcia / fermata / arresto;Conducente;F;Illeso;0;;Non accertato;Inesploso
2148025;13;20/09/2014 11:45;Strada Urbana;VIA CESARE MACCARI;all'intersezione con;VIA ALBERTO GALLI;VIA ALBERTO GALLI;;;Scontro frontale/laterale DX fra veicoli in marcia;Incrocio;Una carreggiata a doppio senso;Asciutto;Asfaltata;Verticale ed orizzontale;Sereno;Intenso;Sufficiente;Ore Diurne;0;0;0;5;12.3562;41.77652;-1;2;Autovettura privata;In marcia / fermata / arresto;Passeggero;F;Illeso;0;;Non accertato;Inesploso
2148025;13;20/09/2014 11:45;Strada Urbana;VIA CESARE MACCARI;all'intersezione con;VIA ALBERTO GALLI;VIA ALBERTO GALLI;;;Scontro frontale/laterale DX fra veicoli in marcia;Incrocio;Una carreggiata a doppio senso;Asciutto;Asfaltata;Verticale ed orizzontale;Sereno;Intenso;Sufficiente;Ore Diurne;0;0;0;5;12.3562;41.77652;-1;2;Autovettura privata;In marcia / fermata / arresto;Passeggero;M;Illeso;0;;Non accertato;Inesploso
2148087;18;19/09/2014 14:10;Strada Urbana;VIA DI BOCCEA;in corrispondenza;;del civico n.;201;;Investimento di pedone;Rettilineo;Una carreggiata a doppio senso;Asciutto;Asfaltata;Verticale ed orizzontale;Nuvoloso;Intenso;Buona;Ore Diurne;1;0;0;0;12.42203;41.90306;-1;;;;Pedone;M;Rimandato;0;NON DECEDUTO;;
2148100;12;20/09/2014 15:30;Strada Urbana;VIALE DELLA TECNICA;all'intersezione con;VIALE DEL CICLISMO;VIALE DEL CICLISMO;;;Scontro frontale/laterale DX fra veicoli in marcia;Incrocio;Una carreggiata a doppio senso;Asciutto;Asfaltata;Verticale ed orizzontale;Sereno;Scarso;Buona;Ore Diurne;0;0;0;4;12.45902;41.82691;-1;1;Autovettura privata;In marcia / fermata / arresto;Conducente;M;Illeso;0;;Non accertato;Inesploso
2148100;12;20/09/2014 15:30;Strada Urbana;VIALE DELLA TECNICA;all'intersezione con;VIALE DEL CICLISMO;VIALE DEL CICLISMO;;;Scontro frontale/laterale DX fra veicoli in marcia;Incrocio;Una carreggiata a doppio senso;Asciutto;Asfaltata;Verticale ed orizzontale;Sereno;Scarso;Buona;Ore Diurne;0;0;0;4;12.45902;41.82691;-1;2;Autovettura privata;In marcia / fermata / arresto;Conducente;F;Illeso;0;;Non accertato;Inesistente
2148100;12;20/09/2014 15:30;Strada Urbana;VIALE DELLA TECNICA;all'intersezione con;VIALE DEL CICLISMO;VIALE DEL CICLISMO;;;Scontro frontale/laterale DX fra veicoli in marcia;Incrocio;Una carreggiata a doppio senso;Asciutto;Asfaltata;Verticale ed orizzontale;Sereno;Scarso;Buona;Ore Diurne;0;0;0;4;12.45902;41.82691;-1;2;Autovettura privata;In marcia / fermata / arresto;Passeggero;F;Illeso;0;;Non accertato;Inesistente
2148100;12;20/09/2014 15:30;Strada Urbana;VIALE DELLA TECNICA;all'intersezione con;VIALE DEL CICLISMO;VIALE DEL CICLISMO;;;Scontro frontale/laterale DX fra veicoli in marcia;Incrocio;Una carreggiata a doppio senso;Asciutto;Asfaltata;Verticale ed orizzontale;Sereno;Scarso;Buona;Ore Diurne;0;0;0;4;12.45902;41.82691;-1;2;Autovettura privata;In marcia / fermata / arresto;Passeggero;M;Illeso;0;;Non accertato;Inesistente
2148105;1;21/09/2014 22:30;Strada Urbana;VIA URBANA;in corrispondenza;;del civico n.;145;;Veicolo in marcia contro ostacolo accidentale;Rettilineo;Una carreggiata a senso unico di marcia;Asciutto;In cubetti di porfido;Verticale ed orizzontale;Nuvoloso;Scarso;Buona;Sufficiente;1;0;0;0;12.49447;41.89674;-1;1;Motociclo a solo;In marcia / fermata / arresto;Conducente;M;Rifiuta cure immediate;0;NON DECEDUTO;Utilizzato;
2148124;1;20/09/2014 10:40;Strada Urbana;VIA DI S. TEODORO;in corrispondenza;;del civico n.;88;;Scontro laterale fra veicoli in marcia;Rettilineo;Una carreggiata a senso unico di marcia;Asciutto;Asfaltata;Verticale ed orizzontale;Sereno;Normale;Buona;Ore Diurne;0;0;0;4;12.48426;41.89046;-1;1;Autovettura privata;In marcia / fermata / arresto;Conducente;F;Illeso;0;;Non accertato;Inesploso
2148124;1;20/09/2014 10:40;Strada Urbana;VIA DI S. TEODORO;in corrispondenza;;del civico n.;88;;Scontro laterale fra veicoli in marcia;Rettilineo;Una carreggiata a senso unico di marcia;Asciutto;Asfaltata;Verticale ed orizzontale;Sereno;Normale;Buona;Ore Diurne;0;0;0;4;12.48426;41.89046;-1;1;Autovettura privata;In marcia / fermata / arresto;Passeggero;M;Illeso;0;;Non accertato;
2148124;1;20/09/2014 10:40;Strada Urbana;VIA DI S. TEODORO;in corrispondenza;;del civico n.;88;;Scontro laterale fra veicoli in marcia;Rettilineo;Una carreggiata a senso unico di marcia;Asciutto;Asfaltata;Verticale ed orizzontale;Sereno;Normale;Buona;Ore Diurne;0;0;0;4;12.48426;41.89046;-1;1;Autovettura privata;In marcia / fermata / arresto;Passeggero;M;Illeso;0;;Non accertato;
2148124;1;20/09/2014 10:40;Strada Urbana;VIA DI S. TEODORO;in corrispondenza;;del civico n.;88;;Scontro laterale fra veicoli in marcia;Rettilineo;Una carreggiata a senso unico di marcia;Asciutto;Asfaltata;Verticale ed orizzontale;Sereno;Normale;Buona;Ore Diurne;0;0;0;4;12.48426;41.89046;-1;2;Autovettura privata;In marcia / fermata / arresto;Conducente;F;Illeso;0;;Non accertato;
2148130;1;20/09/2014 09:45;Strada Urbana;VIA QUATTRO NOVEMBRE;in corrispondenza;;del civico n.;156;;Scontro laterale fra veicoli in marcia;Curva a visuale libera;Una carreggiata a doppio senso;Asciutto;In cubetti di porfido;Verticale ed orizzontale;Sereno;Normale;Buona;Ore Diurne;0;0;0;2;12.48625;41.8963;-1;1;Autovettura privata;In marcia / fermata / arresto;Conducente;M;Illeso;0;;Non accertato;Inesploso
2148130;1;20/09/2014 09:45;Strada Urbana;VIA QUATTRO NOVEMBRE;in corrispondenza;;del civico n.;156;;Scontro laterale fra veicoli in marcia;Curva a visuale libera;Una carreggiata a doppio senso;Asciutto;In cubetti di porfido;Verticale ed orizzontale;Sereno;Normale;Buona;Ore Diurne;0;0;0;2;12.48625;41.8963;-1;2;Autovettura privata;In marcia / fermata / arresto;Conducente;M;Illeso;0;;Non accertato;Inesploso
2148148;1;19/09/2014 20:00;Strada Urbana;VIA DEL VIMINALE;all'intersezione con;VIA TORINO;VIA TORINO;;;Scontro frontale/laterale SX fra veicoli in marcia;Incrocio;Una carreggiata a senso unico di marcia;Asciutto;Asfaltata;Verticale ed orizzontale;Sereno;Normale;Sufficiente;Sufficiente;1;0;0;1;12.49625;41.90054;-1;1;Motociclo a solo;In marcia / fermata / arresto;Conducente;M;Rifiuta cure immediate;0;NON DECEDUTO;Non accertato;
2148148;1;19/09/2014 20:00;Strada Urbana;VIA DEL VIMINALE;all'intersezione con;VIA TORINO;VIA TORINO;;;Scontro frontale/laterale SX fra veicoli in marcia;Incrocio;Una carreggiata a senso unico di marcia;Asciutto;Asfaltata;Verticale ed orizzontale;Sereno;Normale;Sufficiente;Sufficiente;1;0;0;1;12.49625;41.90054;-1;2;Autovettura privata;In marcia / fermata / arresto;Conducente;M;Illeso;0;;Non accertato;Inesploso
2148153;1;19/09/2014 17:10;Strada Urbana;PIAZZA DELLA BOCCA DELLA VERITA';all'intersezione con;VIA DEI CERCHI;VIA DEI CERCHI;;;Tamponamento;Incrocio;Due carreggiate;Asciutto;Asfaltata;Verticale ed orizzontale;Nuvoloso;Normale;Buona;Ore Diurne;0;0;0;2;12.48135;41.8892;-1;1;Autovettura privata;In marcia / fermata / arresto;Conducente;F;Illeso;0;;Non accertato;
2148153;1;19/09/2014 17:10;Strada Urbana;PIAZZA DELLA BOCCA DELLA VERITA';all'intersezione con;VIA DEI CERCHI;VIA DEI CERCHI;;;Tamponamento;Incrocio;Due carreggiate;Asciutto;Asfaltata;Verticale ed orizzontale;Nuvoloso;Normale;Buona;Ore Diurne;0;0;0;2;12.48135;41.8892;-1;2;Autovettura privata;In marcia / fermata / arresto;Conducente;M;Illeso;0;;Non accertato;
2148160;2;20/09/2014 17:00;Strada Urbana;VIALE LIBIA;in prossimità;;del civico n.;60;;Scontro laterale fra veicoli in marcia;Rettilineo;Due carreggiate;Asciutto;Asfaltata;Verticale ed orizzontale;Sereno;Normale;Buona;Ore Diurne;1;0;0;3;12.51747;41.93017;-1;1;Autovettura privata;In marcia / fermata / arresto;Conducente;M;Illeso;0;;Non accertato;Inesploso
2148160;2;20/09/2014 17:00;Strada Urbana;VIALE LIBIA;in prossimità;;del civico n.;60;;Scontro laterale fra veicoli in marcia;Rettilineo;Due carreggiate;Asciutto;Asfaltata;Verticale ed orizzontale;Sereno;Normale;Buona;Ore Diurne;1;0;0;3;12.51747;41.93017;-1;1;Autovettura privata;In marcia / fermata / arresto;Passeggero;F;Illeso;0;;Non accertato;
2148160;2;20/09/2014 17:00;Strada Urbana;VIALE LIBIA;in prossimità;;del civico n.;60;;Scontro laterale fra veicoli in marcia;Rettilineo;Due carreggiate;Asciutto;Asfaltata;Verticale ed orizzontale;Sereno;Normale;Buona;Ore Diurne;1;0;0;3;12.51747;41.93017;-1;2;Motociclo a solo;In marcia / fermata / arresto;Conducente;M;Illeso;0;;Non accertato;
2148160;2;20/09/2014 17:00;Strada Urbana;VIALE LIBIA;in prossimità;;del civico n.;60;;Scontro laterale fra veicoli in marcia;Rettilineo;Due carreggiate;Asciutto;Asfaltata;Verticale ed orizzontale;Sereno;Normale;Buona;Ore Diurne;1;0;0;3;12.51747;41.93017;-1;2;Motociclo a solo;In marcia / fermata / arresto;Passeggero;F;Rimandato;0;NON DECEDUTO;Non accertato;
2148163;1;20/09/2014 09:30;Strada Urbana;VIA CESARE BATTISTI;in corrispondenza;;del civico n.;120/B;;Infortunio per sola frenata improvvisa;Rettilineo;Una carreggiata a doppio senso;Asciutto;In cubetti di porfido;Verticale ed orizzontale;Nuvoloso;Normale;Buona;Ore Diurne;1;0;0;0;12.48297;41.8967;-1;1;Motociclo a solo;In marcia / fermata / arresto;Conducente;F;Rimandato;0;NON DECEDUTO;Non accertato;
2148344;13;20/09/2014 10:40;Strada Urbana;VIA GUIDO CALZA;all'intersezione con;VIALE DEI ROMAGNOLI;VIALE DEI ROMAGNOLI;;;Tamponamento;Incrocio;Una carreggiata a senso unico di marcia;Asciutto;Asfaltata;Verticale ed orizzontale;Sereno;Normale;Buona;Ore Diurne;0;0;0;2;12.30075;41.75661;-1;1;Autovettura privata;In marcia / fermata / arresto;Conducente;F;Illeso;0;;Non accertato;Inesploso
2148344;13;20/09/2014 10:40;Strada Urbana;VIA GUIDO CALZA;all'intersezione con;VIALE DEI ROMAGNOLI;VIALE DEI ROMAGNOLI;;;Tamponamento;Incrocio;Una carreggiata a senso unico di marcia;Asciutto;Asfaltata;Verticale ed orizzontale;Sereno;Normale;Buona;Ore Diurne;0;0;0;2;12.30075;41.75661;-1;2;Autovettura privata;In marcia / fermata / arresto;Conducente;M;Illeso;0;;Non accertato;Inesploso
2148350;13;20/09/2014 18:20;Strada Urbana;VIA DEL MARE;da specificare;;;;in corrispondenza di Via di Castel Fusano;Scontro laterale fra veicoli in marcia;Rettilineo;Una carreggiata a doppio senso;Asciutto;Asfaltata;Verticale ed orizzontale;Sereno;Normale;Buona;Ore Diurne;0;0;0;2;12.30388;41.75979;-1;1;Autovettura privata;In marcia / fermata / arresto;Conducente;F;Illeso;0;;Non accertato;Inesploso
2148350;13;20/09/2014 18:20;Strada Urbana;VIA DEL MARE;da specificare;;;;in corrispondenza di Via di Castel Fusano;Scontro laterale fra veicoli in marcia;Rettilineo;Una carreggiata a doppio senso;Asciutto;Asfaltata;Verticale ed orizzontale;Sereno;Normale;Buona;Ore Diurne;0;0;0;2;12.30388;41.75979;-1;2;Autocarro inferiore 35 q.;In marcia / fermata / arresto;Conducente;M;Illeso;0;;Non accertato;Inesploso
2148357;13;20/09/2014 16:25;Strada Urbana;VIA TELEMACO SIGNORINI;all'intersezione con;VIA CESARE MACCARI;VIA CESARE MACCARI;;;Scontro frontale/laterale SX fra veicoli in marcia;Incrocio;Una carreggiata a doppio senso;Asciutto;Asfaltata;Verticale;Sereno;Normale;Buona;Ore Diurne;0;0;0;4;12.35678;41.77568;-1;1;Autovettura privata;In marcia / fermata / arresto;Conducente;M;Illeso;0;;Non accertato;Inesploso
2148357;13;20/09/2014 16:25;Strada Urbana;VIA TELEMACO SIGNORINI;all'intersezione con;VIA CESARE MACCARI;VIA CESARE MACCARI;;;Scontro frontale/laterale SX fra veicoli in marcia;Incrocio;Una carreggiata a doppio senso;Asciutto;Asfaltata;Verticale;Sereno;Normale;Buona;Ore Diurne;0;0;0;4;12.35678;41.77568;-1;1;Autovettura privata;In marcia / fermata / arresto;Passeggero;F;Illeso;0;;Non accertato;Inesistente
2148357;13;20/09/2014 16:25;Strada Urbana;VIA TELEMACO SIGNORINI;all'intersezione con;VIA CESARE MACCARI;VIA CESARE MACCARI;;;Scontro frontale/laterale SX fra veicoli in marcia;Incrocio;Una carreggiata a doppio senso;Asciutto;Asfaltata;Verticale;Sereno;Normale;Buona;Ore Diurne;0;0;0;4;12.35678;41.77568;-1;1;Autovettura privata;In marcia / fermata / arresto;Passeggero;F;Illeso;0;;Non accertato;Inesploso
2148357;13;20/09/2014 16:25;Strada Urbana;VIA TELEMACO SIGNORINI;all'intersezione con;VIA CESARE MACCARI;VIA CESARE MACCARI;;;Scontro frontale/laterale SX fra veicoli in marcia;Incrocio;Una carreggiata a doppio senso;Asciutto;Asfaltata;Verticale;Sereno;Normale;Buona;Ore Diurne;0;0;0;4;12.35678;41.77568;-1;2;Autovettura privata;In marcia / fermata / arresto;Conducente;M;Illeso;0;;Non accertato;Inesploso
2148366;13;20/09/2014 23:40;Strada Urbana;VIA GIUSEPPE DA GALLIATE;all'intersezione con;VIA SABATINO DE URSIS;VIA SABATINO DE URSIS;;;Scontro laterale fra veicoli in marcia;Incrocio;Una carreggiata a doppio senso;Asciutto;Asfaltata;Assente;Sereno;Scarso;Buona;Sufficiente;0;0;0;2;12.3533;41.78192;-1;1;Autovettura privata;In marcia / fermata / arresto;Conducente;M;Illeso;0;;Non accertato;Inesploso
2148366;13;20/09/2014 23:40;Strada Urbana;VIA GIUSEPPE DA GALLIATE;all'intersezione con;VIA SABATINO DE URSIS;VIA SABATINO DE URSIS;;;Scontro laterale fra veicoli in marcia;Incrocio;Una carreggiata a doppio senso;Asciutto;Asfaltata;Assente;Sereno;Scarso;Buona;Sufficiente;0;0;0;2;12.3533;41.78192;-1;2;Autovettura privata;In marcia / fermata / arresto;Conducente;F;Illeso;0;;Non accertato;Inesploso
2148376;13;21/09/2014 02:45;Strada Urbana;VIALE CHARLES LENORMANT;da specificare;;;;prossimità del civ. 242;Fuoriuscita dalla sede stradale;Rettilineo;Una carreggiata a senso unico di marcia;Asciutto;Asfaltata;Orizzontale;Sereno;Scarso;Buona;Sufficiente;0;0;0;1;12.33723;41.77491;-1;1;Autovettura privata;In marcia / fermata / arresto;Conducente;M;Illeso;0;;Non accertato;Esploso
2148379;8;20/09/2014 17:10;Strada Urbana;VIALE NUSCO;in corrispondenza;;del civico n.;69C;;Veicolo in marcia contro ostacolo accidentale;Rettilineo;Due carreggiate;Asciutto;Asfaltata;Verticale;Sereno;Normale;Buona;Ore Diurne;0;0;0;2;12.62985;41.89178;-1;1;Autovettura privata;In marcia / fermata / arresto;Conducente;F;Illeso;0;;Non accertato;Inesploso
2148379;8;20/09/2014 17:10;Strada Urbana;VIALE NUSCO;in corrispondenza;;del civico n.;69C;;Veicolo in marcia contro ostacolo accidentale;Rettilineo;Due carreggiate;Asciutto;Asfaltata;Verticale;Sereno;Normale;Buona;Ore Diurne;0;0;0;2;12.62985;41.89178;-1;1;Autovettura privata;In marcia / fermata / arresto;Passeggero;M;Illeso;0;;Non accertato;Inesploso
2148384;8;20/09/2014 20:00;Strada Urbana;VIA GIORGIO GRAPPELLI;in corrispondenza;;del palo luce n.;33;;Tamponamento;Rettilineo;Due carreggiate;Asciutto;Asfaltata;Verticale ed orizzontale;Sereno;Normale;Buona;Sufficiente;0;0;0;2;12.65738;41.91172;-1;1;Autotreno;In marcia / fermata / arresto;Conducente;M;Illeso;0;;Non accertato;Inesploso
2148384;8;20/09/2014 20:00;Strada Urbana;VIA GIORGIO GRAPPELLI;in corrispondenza;;del palo luce n.;33;;Tamponamento;Rettilineo;Due carreggiate;Asciutto;Asfaltata;Verticale ed orizzontale;Sereno;Normale;Buona;Sufficiente;0;0;0;2;12.65738;41.91172;-1;2;Autovettura privata;In marcia / fermata / arresto;Conducente;M;Illeso;0;;Non accertato;Inesploso
2148391;8;20/09/2014 22:43;Provinciale entro l'abitato;VIA PRENESTINA;all'intersezione con;VIA CANNAROLI;VIA CANNAROLI;;;Scontro frontale/laterale SX fra veicoli in marcia;Incrocio;Una carreggiata a doppio senso;Asciutto;Asfaltata;Orizzontale;Sereno;Normale;Sufficiente;Sufficiente;1;0;0;2;12.64339;41.89236;-1;1;Autovettura privata;In marcia / fermata / arresto;Conducente;M;Illeso;0;;Non accertato;Inesploso
2148391;8;20/09/2014 22:43;Provinciale entro l'abitato;VIA PRENESTINA;all'intersezione con;VIA CANNAROLI;VIA CANNAROLI;;;Scontro frontale/laterale SX fra veicoli in marcia;Incrocio;Una carreggiata a doppio senso;Asciutto;Asfaltata;Orizzontale;Sereno;Normale;Sufficiente;Sufficiente;1;0;0;2;12.64339;41.89236;-1;2;Autovettura privata;In marcia / fermata / arresto;Conducente;F;Rimandato;0;NON DECEDUTO;Non accertato;Inesploso