Protocollo;Gruppo;DataOraIncidente;Localizzazione1;STRADA1;Localizzazione2;STRADA2;Strada02;Chilometrica;DaSpecificare;NaturaIncidente;particolaritastrade;TipoStrada;FondoStradale;Pavimentazione;Segnaletica;CondizioneAtmosferica;Traffico;Visibilita;Illuminazione;NUM_FERITI;NUM_RISERVATA;NUM_MORTI;NUM_ILLESI;Longitudine;Latitudine;Confermato;Progressivo;TipoVeicolo;StatoVeicolo;TipoPersona;Sesso;Tipolesione;Deceduto;DecedutoDopo;CinturaCascoUtilizzato;Airbag
2149344;2;19/09/2014 13:45;Strada Urbana;VIALE BRUNO BUOZZI;all'intersezione semaforizzata con;VIA ANTONIO GRAMSCI;VIA ANTONIO GRAMSCI;;;Scontro frontale/laterale DX fra veicoli in marcia;Incrocio;Una carreggiata a doppio senso;Asciutto;Asfaltata;Verticale ed orizzontale;Sereno;Normale;Buona;Ore Diurne;1;0;0;0;12.47882;41.91955;-1;1;Autovettura privata;In marcia / fermata / arresto;Conducente;F;Rifiuta cure immediate;0;NON DECEDUTO;Non accertato;
2149352;12;19/09/2014 09:50;Strada Urbana;VIA CRISTOFORO COLOMBO;da specificare;;;;direzione Roma centro prox. svincolo viale Algeria;Scontro laterale fra veicoli in marcia;Rettilineo;Due carreggiate;Asciutto;Asfaltata;Verticale ed orizzontale;Nuvoloso;Intenso;Buona;Ore Diurne;0;0;0;3;12.46345;41.81869;-1;1;Motociclo con passeggero;In marcia / fermata / arresto;Conducente;M;Illeso;0;;Utilizzato;
2149352;12;19/09/2014 09:50;Strada Urbana;VIA CRISTOFORO COLOMBO;da specificare;;;;direzione Roma centro prox. svincolo viale Algeria;Scontro laterale fra veicoli in marcia;Rettilineo;Due carreggiate;Asciutto;Asfaltata;Verticale ed orizzontale;Nuvoloso;Intenso;Buona;Ore Diurne;0;0;0;3;12.46345;41.81869;-1;1;Motociclo con passeggero;In marcia / fermata / arresto;Passeggero;F;Illeso;0;;Utilizzato;
2149352;12;19/09/2014 09:50;Strada Urbana;VIA CRISTOFORO COLOMBO;da specificare;;;;direzione Roma centro prox. svincolo viale Algeria;Scontro laterale fra veicoli in marcia;Rettilineo;Due carreggiate;Asciutto;Asfaltata;Verticale ed orizzontale;Nuvoloso;Intenso;Buona;Ore Diurne;0;0;0;3;12.46345;41.81869;-1;2;Autovettura privata;In marcia / fermata / arresto;Conducente;M;Illeso;0;;Utilizzato;Inesploso
2149383;9;22/09/2014 12:00;Strada Urbana;VIA COLLEGENTILESCO;all'intersezione con;VIA CARROCETO;VIA CARROCETO;;;Scontro frontale/laterale SX fra veicoli in marcia;Incrocio;Una carreggiata a doppio senso;Asciutto;Asfaltata;Assente;Sereno;Normale;Buona;Ore Diurne;0;0;0;2;12.53734;41.86595;-1;1;Autovettura privata;In marcia / fermata / arresto;Conducente;M;Illeso;0;;Utilizzato;Inesploso
2149383;9;22/09/2014 12:00;Strada Urbana;VIA COLLEGENTILESCO;all'intersezione con;VIA CARROCETO;VIA CARROCETO;;;Scontro frontale/laterale SX fra veicoli in marcia;Incrocio;Una carreggiata a doppio senso;Asciutto;Asfaltata;Assente;Sereno;Normale;Buona;Ore Diurne;0;0;0;2;12.53734;41.86595;-1;2;Autovettura privata;In marcia / fermata / arresto;Conducente;F;Illeso;0;;Utilizzato;Inesploso
2149396;23;21/09/2014 22:35;Comunale extraurbana;VIA CRISTOFORO COLOMBO;all'intersezione con;VIA DEL CANALE DELLA LINGUA;VIA DEL CANALE DELLA LINGUA;;;Scontro frontale/laterale SX fra veicoli in marcia;Incrocio;Più di due carreggiate;Asciutto;Asfaltata;Verticale ed orizzontale;Sereno;Scarso;Sufficiente;Sufficiente;0;0;0;4;12.43204;41.7931;-1;1;Autovettura privata;In marcia / fermata / arresto;Conducente;F;Illeso;0;;Utilizzato;Inesploso
2149396;23;21/09/2014 22:35;Comunale extraurbana;VIA CRISTOFORO COLOMBO;all'intersezione con;VIA DEL CANALE DELLA LINGUA;VIA DEL CANALE DELLA LINGUA;;;Scontro frontale/laterale SX fra veicoli in marcia;Incrocio;Più di due carreggiate;Asciutto;Asfaltata;Verticale ed orizzontale;Sereno;Scarso;Sufficiente;Sufficiente;0;0;0;4;12.43204;41.7931;-1;1;Autovettura privata;In marcia / fermata / arresto;Passeggero;F;Illeso;0;;Utilizzato;Inesploso
2149396;23;21/09/2014 22:35;Comunale extraurbana;VIA CRISTOFORO COLOMBO;all'intersezione con;VIA DEL CANALE DELLA LINGUA;VIA DEL CANALE DELLA LINGUA;;;Scontro frontale/laterale SX fra veicoli in marcia;Incrocio;Più di due carreggiate;Asciutto;Asfaltata;Verticale ed orizzontale;Sereno;Scarso;Sufficiente;Sufficiente;0;0;0;4;12.43204;41.7931;-1;2;Autovettura privata;In marcia / fermata / arresto;Conducente;M;Illeso;0;;Utilizzato;Inesploso
2149396;23;21/09/2014 22:35;Comunale extraurbana;VIA CRISTOFORO COLOMBO;all'intersezione con;VIA DEL CANALE DELLA LINGUA;VIA DEL CANALE DELLA LINGUA;;;Scontro frontale/laterale SX fra veicoli in marcia;Incrocio;Più di due carreggiate;Asciutto;Asfaltata;Verticale ed orizzontale;Sereno;Scarso;Sufficiente;Sufficiente;0;0;0;4;12.43204;41.7931;-1;2;Autovettura privata;In marcia / fermata / arresto;Passeggero;F;Illeso;0;;Utilizzato;Inesploso
2149406;16;20/09/2014 12:00;Strada Urbana;VIA PIETRO D'ASSISI;all'intersezione con;VIA CAMILLO DE LELLIS;VIA CAMILLO DE LELLIS;;;Scontro frontale/laterale SX fra veicoli in marcia;Incrocio;Una carreggiata a senso unico di marcia;Asciutto;Asfaltata;Verticale;Sereno;Scarso;Buona;Ore Diurne;0;0;0;2;12.45013;41.86933;-1;1;Autovettura privata;In marcia / fermata / arresto;Conducente;M;Illeso;0;;Non accertato;
2149406;16;20/09/2014 12:00;Strada Urbana;VIA PIETRO D'ASSISI;all'intersezione con;VIA CAMILLO DE LELLIS;VIA CAMILLO DE LELLIS;;;Scontro frontale/laterale SX fra veicoli in marcia;Incrocio;Una carreggiata a senso unico di marcia;Asciutto;Asfaltata;Verticale;Sereno;Scarso;Buona;Ore Diurne;0;0;0;2;12.45013;41.86933;-1;2;Autovettura privata;In marcia / fermata / arresto;Conducente;M;Illeso;0;;Non accertato;
2149415;16;21/09/2014 03:30;Strada Urbana;VIALE DELL'INDUSTRIA;da specificare;;;;"prossimità cancello impianto sportivo ""TRE FONTANE";Veicolo in marcia contro ostacolo fisso;Rettilineo;Una carreggiata a doppio senso;Asciutto;Asfaltata;Verticale ed orizzontale;Sereno;Normale;Sufficiente;Sufficiente;1;0;0;0;12.47488;41.83896;-1;1;Autovettura privata;In marcia / fermata / arresto;Conducente;M;Rimandato;0;NON DECEDUTO;;
2149463;10;22/09/2014 13:40;Strada Urbana;VIA SCRIBONIO CURIONE;all'intersezione con;VIA LICINIO MURENA;VIA LICINIO MURENA;;;Scontro frontale/laterale DX fra veicoli in marcia;Incrocio;Due carreggiate;Asciutto;Asfaltata;Verticale ed orizzontale;Nuvoloso;Scarso;Buona;Ore Diurne;1;0;0;2;12.55355;41.86283;-1;1;Autovettura privata;In marcia / fermata / arresto;Conducente;M;Illeso;0;;Non accertato;Inesploso
2149463;10;22/09/2014 13:40;Strada Urbana;VIA SCRIBONIO CURIONE;all'intersezione con;VIA LICINIO MURENA;VIA LICINIO MURENA;;;Scontro frontale/laterale DX fra veicoli in marcia;Incrocio;Due carreggiate;Asciutto;Asfaltata;Verticale ed orizzontale;Nuvoloso;Scarso;Buona;Ore Diurne;1;0;0;2;12.55355;41.86283;-1;1;Autovettura privata;In marcia / fermata / arresto;Passeggero;F;Illeso;0;;Non accertato;Inesploso
2149463;10;22/09/2014 13:40;Strada Urbana;VIA SCRIBONIO CURIONE;all'intersezione con;VIA LICINIO MURENA;VIA LICINIO MURENA;;;Scontro frontale/laterale DX fra veicoli in marcia;Incrocio;Due carreggiate;Asciutto;Asfaltata;Verticale ed orizzontale;Nuvoloso;Scarso;Buona;Ore Diurne;1;0;0;2;12.55355;41.86283;-1;2;Motociclo a solo;In marcia / fermata / arresto;Conducente;F;Rimandato;0;NON DECEDUTO;Non accertato;
2149472;12;19/09/2014 23:45;Strada Urbana;VIALE DELL'UMANESIMO;in corrispondenza;;del civico n.;199;;Veicolo in marcia contro ostacolo fisso;Curva senza visuale libera;Una carreggiata a doppio senso;Bagnato (pioggia);Asfaltata;Verticale ed orizzontale;Pioggia in atto;Scarso;Buona;Sufficiente;0;0;0;1;12.46073;41.82688;-1;1;Quadriciclo leggero;In marcia / fermata / arresto;Conducente;M;Illeso;0;;Utilizzato;Inesploso
2149489;1;22/09/2014 12:45;Strada Urbana;VIA CONTE VERDE;in corrispondenza;;del civico n.;20;;Scontro laterale fra veicoli in marcia;Rettilineo;Una carreggiata a doppio senso;Asciutto;Asfaltata;Verticale ed orizzontale;Nuvoloso;Normale;Buona;Ore Diurne;0;0;0;2;12.50649;41.89354;-1;1;Motociclo a solo;In marcia / fermata / arresto;Conducente;M;Illeso;0;;Non accertato;
2149489;1;22/09/2014 12:45;Strada Urbana;VIA CONTE VERDE;in corrispondenza;;del civico n.;20;;Scontro laterale fra veicoli in marcia;Rettilineo;Una carreggiata a doppio senso;Asciutto;Asfaltata;Verticale ed orizzontale;Nuvoloso;Normale;Buona;Ore Diurne;0;0;0;2;12.50649;41.89354;-1;2;Autovettura privata;In marcia / fermata / arresto;Conducente;F;Illeso;0;;Non accertato;Inesploso
2149498;9;22/09/2014 13:40;Strada Urbana;VIA MONTEPULCIANO;in prossimità;;del civico n.;9;;Veicolo in marcia contro veicoli in arresto;Rettilineo;Una carreggiata a doppio senso;Asciutto;Asfaltata;Assente;Sereno;Scarso;Buona;Ore Diurne;0;0;0;2;12.52318;41.88374;-1;1;Autovettura privata;In marcia / fermata / arresto;Conducente;M;Illeso;0;;Non accertato;
2149498;9;22/09/2014 13:40;Strada Urbana;VIA MONTEPULCIANO;in prossimità;;del civico n.;9;;Veicolo in marcia contro veicoli in arresto;Rettilineo;Una carreggiata a doppio senso;Asciutto;Asfaltata;Assente;Sereno;Scarso;Buona;Ore Diurne;0;0;0;2;12.52318;41.88374;-1;2;Autovettura privata;In marcia / fermata / arresto;Conducente;M;Illeso;0;;Non accertato;
2149500;12;21/09/2014 02:25;Regionale;VIA PONTINA;da specificare;;;;dir. LATINA 200 mt. dopo Pratica di Mare ;Scontro laterale fra veicoli in marcia;Rettilineo;Due carreggiate;Asciutto;Asfaltata;Verticale ed orizzontale;Sereno;Scarso;Insufficiente;Inesistente;1;0;0;1;12.43586;41.72817;-1;1;Autovettura privata;In marcia / fermata / arresto;Conducente;F;Illeso;0;;Utilizzato;Inesploso
2149500;12;21/09/2014 02:25;Regionale;VIA PONTINA;da specificare;;;;dir. LATINA 200 mt. dopo Pratica di Mare ;Scontro laterale fra veicoli in marcia;Rettilineo;Due carreggiate;Asciutto;Asfaltata;Verticale ed orizzontale;Sereno;Scarso;Insufficiente;Inesistente;1;0;0;1;12.43586;41.72817;-1;2;Motociclo a solo;In marcia / fermata / arresto;Conducente;F;Rimandato;0;NON DECEDUTO;Non accertato;
2149542;2;22/09/2014 11:45;Strada Urbana;VIA SALARIA;da specificare;;;;in corrispondenza SALITA VIA POGGIO MOIANO;Scontro frontale/laterale SX fra veicoli in marcia;Rettilineo;Una carreggiata a doppio senso;Asciutto;Asfaltata;Verticale ed orizzontale;Sereno;Normale;Buona;Ore Diurne;1;0;0;1;12.50897;41.93473;-1;1;Autovettura privata;In marcia / fermata / arresto;Conducente;F;Illeso;0;;Non accertato;Inesploso
2149542;2;22/09/2014 11:45;Strada Urbana;VIA SALARIA;da specificare;;;;in corrispondenza SALITA VIA POGGIO MOIANO;Scontro frontale/laterale SX fra veicoli in marcia;Rettilineo;Una carreggiata a doppio senso;Asciutto;Asfaltata;Verticale ed orizzontale;Sereno;Normale;Buona;Ore Diurne;1;0;0;1;12.50897;41.93473;-1;2;Motociclo a solo;In marcia / fermata / arresto;Conducente;M;Rimandato;0;NON DECEDUTO;Non accertato;
2149565;1;22/09/2014 14:25;Strada Urbana;VIALE DI TRASTEVERE;all'intersezione semaforizzata con;PIAZZA MASTAI;PIAZZA MASTAI;;;Scontro laterale fra veicoli in marcia;Intersezione semaforizzata;Più di due carreggiate;Asciutto;Asfaltata;Temporanea di cantiere;Nuvoloso;Normale;Buona;Ore Diurne;0;1;0;1;12.4728;41.88726;-1;1;Autovettura privata;In marcia / fermata / arresto;Conducente;F;Illeso;0;;Non accertato;Inesploso
2149565;1;22/09/2014 14:25;Strada Urbana;VIALE DI TRASTEVERE;all'intersezione semaforizzata con;PIAZZA MASTAI;PIAZZA MASTAI;;;Scontro laterale fra veicoli in marcia;Intersezione semaforizzata;Più di due carreggiate;Asciutto;Asfaltata;Temporanea di cantiere;Nuvoloso;Normale;Buona;Ore Diurne;0;1;0;1;12.4728;41.88726;-1;2;Motociclo a solo;In marcia / fermata / arresto;Conducente;M;Prognosi riservata;0;NON DECEDUTO;Non accertato;
2149590;16;19/09/2014 08:10;Strada Urbana;CIRCONVALLAZIONE GIANICOLENSE;da specificare;;;;in corrispondenza del fronte civico 98;Tamponamento;Rettilineo;Più di due carreggiate;Asciutto;Asfaltata;Verticale ed orizzontale;Sereno;Normale;Buona;Ore Diurne;1;0;0;2;12.44956;41.87247;-1;1;Autovettura privata;In marcia / fermata / arresto;Conducente;M;Illeso;0;;Non accertato;Inesploso
2149590;16;19/09/2014 08:10;Strada Urbana;CIRCONVALLAZIONE GIANICOLENSE;da specificare;;;;in corrispondenza del fronte civico 98;Tamponamento;Rettilineo;Più di due carreggiate;Asciutto;Asfaltata;Verticale ed orizzontale;Sereno;Normale;Buona;Ore Diurne;1;0;0;2;12.44956;41.87247;-1;1;Autovettura privata;In marcia / fermata / arresto;Passeggero;F;Rimandato;0;NON DECEDUTO;Non accertato;Inesploso
2149590;16;19/09/2014 08:10;Strada Urbana;CIRCONVALLAZIONE GIANICOLENSE;da specificare;;;;in corrispondenza del fronte civico 98;Tamponamento;Rettilineo;Più di due carreggiate;Asciutto;Asfaltata;Verticale ed orizzontale;Sereno;Normale;Buona;Ore Diurne;1;0;0;2;12.44956;41.87247;-1;2;Autovettura privata;In marcia / fermata / arresto;Conducente;M;Illeso;0;;Non accertato;Inesploso
2149592;7;22/09/2014 14:45;Strada Urbana;VIA DI TOR CERVARA;all'intersezione con;VIA SALVIATI;VIA SALVIATI;;;Scontro laterale fra veicoli in marcia;Incrocio;Una carreggiata a doppio senso;Asciutto;Asfaltata;Verticale ed orizzontale;Sereno;Normale;Buona;Ore Diurne;1;0;0;2;12.5895;41.91848;-1;1;Motociclo a solo;In marcia / fermata / arresto;Conducente;M;Rimandato;0;NON DECEDUTO;Non accertato;
2149592;7;22/09/2014 14:45;Strada Urbana;VIA DI TOR CERVARA;all'intersezione con;VIA SALVIATI;VIA SALVIATI;;;Scontro laterale fra veicoli in marcia;Incrocio;Una carreggiata a doppio senso;Asciutto;Asfaltata;Verticale ed orizzontale;Sereno;Normale;Buona;Ore Diurne;1;0;0;2;12.5895;41.91848;-1;2;Autovettura privata;In marcia / fermata / arresto;Conducente;M;Illeso;0;;Non accertato;Inesploso
2149592;7;22/09/2014 14:45;Strada Urbana;VIA DI TOR CERVARA;all'intersezione con;VIA SALVIATI;VIA SALVIATI;;;Scontro laterale fra veicoli in marcia;Incrocio;Una carreggiata a doppio senso;Asciutto;Asfaltata;Verticale ed orizzontale;Sereno;Normale;Buona;Ore Diurne;1;0;0;2;12.5895;41.91848;-1;2;Autovettura privata;In marcia / fermata / arresto;Passeggero;M;Illeso;0;;Non accertato;Inesploso
2149604;17;22/09/2014 13:30;Strada Urbana;VIA LUIGI RIZZO;in corrispondenza;;del civico n.;40;;Scontro frontale fra veicoli in marcia;Rettilineo;Una carreggiata a senso unico di marcia;Asciutto;Asfaltata;Verticale ed orizzontale;Sereno;Normale;Buona;Ore Diurne;0;0;0;2;12.44515;41.90817;-1;1;Autovettura privata;In marcia / fermata / arresto;Conducente;F;Illeso;0;;;
2149604;17;22/09/2014 13:30;Strada Urbana;VIA LUIGI RIZZO;in corrispondenza;;del civico n.;40;;Scontro frontale fra veicoli in marcia;Rettilineo;Una carreggiata a senso unico di marcia;Asciutto;Asfaltata;Verticale ed orizzontale;Sereno;Normale;Buona;Ore Diurne;0;0;0;2;12.44515;41.90817;-1;2;Autovettura privata;In marcia / fermata / arresto;Conducente;F;Illeso;0;;;
2149605;9;22/09/2014 16:10;Strada Urbana;VIA GABI;all'intersezione con;VIA FREGENE;VIA FREGENE;;;Scontro frontale/laterale SX fra veicoli in marcia;Incrocio;Una carreggiata a senso unico di marcia;Asciutto;Asfaltata;Verticale;Nuvoloso;Normale;Buona;Ore Diurne;0;0;0;2;12.50919;41.8814;-1;1;Autovettura privata;In marcia / fermata / arresto;Conducente;M;Illeso;0;;Non accertato;
2149605;9;22/09/2014 16:10;Strada Urbana;VIA GABI;all'intersezione con;VIA FREGENE;VIA FREGENE;;;Scontro frontale/laterale SX fra veicoli in marcia;Incrocio;Una carreggiata a senso unico di marcia;Asciutto;Asfaltata;Verticale;Nuvoloso;Normale;Buona;Ore Diurne;0;0;0;2;12.50919;41.8814;-1;2;Motociclo a solo;In marcia / fermata / arresto;Conducente;M;Illeso;0;;Non accertato;
2149633;5;22/09/2014 07:15;Strada Urbana;VIA DEL CASALE DI S. BASILIO;da specificare;;;;altezza VIA ARCEVIA;Scontro frontale/laterale DX fra veicoli in marcia;Rettilineo;Una carreggiata a doppio senso;Asciutto;Asfaltata;Assente;Sereno;Intenso;Buona;Ore Diurne;0;0;0;2;12.58305;41.93487;-1;1;Autovettura privata;In marcia / fermata / arresto;Conducente;M;Illeso;0;;Non accertato;Inesistente
2149633;5;22/09/2014 07:15;Strada Urbana;VIA DEL CASALE DI S. BASILIO;da specificare;;;;altezza VIA ARCEVIA;Scontro frontale/laterale DX fra veicoli in marcia;Rettilineo;Una carreggiata a doppio senso;Asciutto;Asfaltata;Assente;Sereno;Intenso;Buona;Ore Diurne;0;0;0;2;12.58305;41.93487;-1;2;Motociclo a solo;In marcia / fermata / arresto;Conducente;M;Illeso;0;;Non accertato;
2149638;6;22/09/2014 16:05;Provinciale entro l'abitato;VIA PRENESTINA;all'intersezione con;VIA GIOVANNI BRANCALEONE;VIA GIOVANNI BRANCALEONE;;;Scontro laterale fra veicoli in marcia;Intersezione stradale segnalata;Più di due carreggiate;Asciutto;Asfaltata;Verticale ed orizzontale;Nuvoloso;Intenso;Buona;Ore Diurne;1;0;0;2;12.53063;41.89173;-1;1;Ciclomotore;In marcia / fermata / arresto;Conducente;M;Rifiuta cure immediate;0;NON DECEDUTO;Utilizzato;
2149638;6;22/09/2014 16:05;Provinciale entro l'abitato;VIA PRENESTINA;all'intersezione con;VIA GIOVANNI BRANCALEONE;VIA GIOVANNI BRANCALEONE;;;Scontro laterale fra veicoli in marcia;Intersezione stradale segnalata;Più di due carreggiate;Asciutto;Asfaltata;Verticale ed orizzontale;Nuvoloso;Intenso;Buona;Ore Diurne;1;0;0;2;12.53063;41.89173;-1;2;Autovettura privata;In marcia / fermata / arresto;Conducente;M;Illeso;0;;Non accertato;Inesploso
2149638;6;22/09/2014 16:05;Provinciale entro l'abitato;VIA PRENESTINA;all'intersezione con;VIA GIOVANNI BRANCALEONE;VIA GIOVANNI BRANCALEONE;;;Scontro laterale fra veicoli in marcia;Intersezione stradale segnalata;Più di due carreggiate;Asciutto;Asfaltata;Verticale ed orizzontale;Nuvoloso;Intenso;Buona;Ore Diurne;1;0;0;2;12.53063;41.89173;-1;2;Autovettura privata;In marcia / fermata / arresto;Passeggero;M;Illeso;0;;Non accertato;Inesploso
2149646;16;18/09/2014 12:30;Strada Urbana;CIRCONVALLAZIONE GIANICOLENSE;in prossimità;;del civico n.;354;;Scontro laterale fra veicoli in marcia;Rettilineo;Più di due carreggiate;Bagnato (pioggia);Asfaltata;Assente;Nuvoloso;Intenso;Buona;Ore Diurne;0;0;0;2;12.44405;41.87675;-1;1;Autovettura privata;In marcia / fermata / arresto;Conducente;F;Illeso;0;;Non accertato;
2149646;16;18/09/2014 12:30;Strada Urbana;CIRCONVALLAZIONE GIANICOLENSE;in prossimità;;del civico n.;354;;Scontro laterale fra veicoli in marcia;Rettilineo;Più di due carreggiate;Bagnato (pioggia);Asfaltata;Assente;Nuvoloso;Intenso;Buona;Ore Diurne;0;0;0;2;12.44405;41.87675;-1;2;Autovettura privata;In marcia / fermata / arresto;Conducente;F;Illeso;0;;Non accertato;
2149655;13;22/09/2014 13:20;Strada Urbana;VIA BRUNO MOLAJOLI;in corrispondenza;;del civico n.;124;;Scontro laterale fra veicoli in marcia;Rettilineo;Una carreggiata a doppio senso;Asciutto;Asfaltata;Orizzontale;Nuvoloso;Normale;Buona;Ore Diurne;0;0;0;2;12.36697;41.77237;-1;1;Autovettura privata;In marcia / fermata / arresto;Conducente;F;Illeso;0;;Non accertato;Inesploso
2149655;13;22/09/2014 13:20;Strada Urbana;VIA BRUNO MOLAJOLI;in corrispondenza;;del civico n.;124;;Scontro laterale fra veicoli in marcia;Rettilineo;Una carreggiata a doppio senso;Asciutto;Asfaltata;Orizzontale;Nuvoloso;Normale;Buona;Ore Diurne;0;0;0;2;12.36697;41.77237;-1;2;Autovettura privata;In marcia / fermata / arresto;Conducente;F;Illeso;0;;Non accertato;Inesploso
2149672;20;22/09/2014 16:55;Regionale entro l'abitato;VIA CASSIA;in prossimità;;del civico n.;1822;;Scontro frontale/laterale SX fra veicoli in marcia;Rettilineo;Una carreggiata a doppio senso;Asciutto;Asfaltata;Orizzontale;Sereno;Intenso;Buona;Ore Diurne;0;0;0;2;12.37695;42.01305;-1;1;Autovettura privata;In marcia / fermata / arresto;Conducente;M;Illeso;0;;Non accertato;Inesploso
2149672;20;22/09/2014 16:55;Regionale entro l'abitato;VIA CASSIA;in prossimità;;del civico n.;1822;;Scontro frontale/laterale SX fra veicoli in marcia;Rettilineo;Una carreggiata a doppio senso;Asciutto;Asfaltata;Orizzontale;Sereno;Intenso;Buona;Ore Diurne;0;0;0;2;12.37695;42.01305;-1;2;Ciclomotore;In marcia / fermata / arresto;Conducente;M;Illeso;0;;Non accertato;
2149683;7;22/09/2014 16:40;Strada Urbana;VIA SALVIATI;in prossimità;;del civico n.;123;;Scontro laterale fra veicoli in marcia;Rettilineo;Una carreggiata a doppio senso;Asciutto;Asfaltata;Assente;Sereno;Normale;Buona;Ore Diurne;0;0;0;2;12.56551;41.92808;-1;1;Motociclo a solo;In marcia / fermata / arresto;Conducente;M;Illeso;0;;Non accertato;
2149683;7;22/09/2014 16:40;Strada Urbana;VIA SALVIATI;in prossimità;;del civico n.;123;;Scontro laterale fra veicoli in marcia;Rettilineo;Una carreggiata a doppio senso;Asciutto;Asfaltata;Assente;Sereno;Normale;Buona;Ore Diurne;0;0;0;2;12.56551;41.92808;-1;2;Autovettura privata;In marcia / fermata / arresto;Conducente;F;Illeso;0;;Non accertato;Inesploso
2149691;17;22/09/2014 12:30;Strada Urbana;VIA DELLA CAMILLUCCIA;all'intersezione con;VIA EDMONDO DE AMICIS;VIA EDMONDO DE AMICIS;;;Scontro laterale fra veicoli in marcia;Incrocio;Una carreggiata a senso unico di marcia;Asciutto;Asfaltata;Verticale ed orizzontale;Sereno;Normale;Buona;Ore Diurne;1;0;0;1;12.44856;41.94272;-1;1;Autovettura privata;In marcia / fermata / arresto;Conducente;M;Illeso;0;;;
2149691;17;22/09/2014 12:30;Strada Urbana;VIA DELLA CAMILLUCCIA;all'intersezione con;VIA EDMONDO DE AMICIS;VIA EDMONDO DE AMICIS;;;Scontro laterale fra veicoli in marcia;Incrocio;Una carreggiata a senso unico di marcia;Asciutto;Asfaltata;Verticale ed orizzontale;Sereno;Normale;Buona;Ore Diurne;1;0;0;1;12.44856;41.94272;-1;2;Motociclo a solo;In marcia / fermata / arresto;Conducente;F;Rimandato;0;NON DECEDUTO;;
2149711;16;19/09/2014 12:30;Strada Urbana;VIA ILDEBRANDO DELLA GIOVANNA;all'intersezione con;VIA PANTALEO CARABELLESE;VIA PANTALEO CARABELLESE;;;Scontro frontale/laterale SX fra veicoli in marcia;Incrocio;Una carreggiata a doppio senso;Asciutto;Asfaltata;Verticale ed orizzontale;Nuvoloso;Normale;Buona;Ore Diurne;0;0;0;3;12.34377;41.87603;-1;1;Autovettura privata;In marcia / fermata / arresto;Conducente;M;Illeso;0;;Non accertato;
2149711;16;19/09/2014 12:30;Strada Urbana;VIA ILDEBRANDO DELLA GIOVANNA;all'intersezione con;VIA PANTALEO CARABELLESE;VIA PANTALEO CARABELLESE;;;Scontro frontale/laterale SX fra veicoli in marcia;Incrocio;Una carreggiata a doppio senso;Asciutto;Asfaltata;Verticale ed orizzontale;Nuvoloso;Normale;Buona;Ore Diurne;0;0;0;3;12.34377;41.87603;-1;2;Autovettura privata;In marcia / fermata / arresto;Conducente;M;Illeso;0;;Non accertato;
2149711;16;19/09/2014 12:30;Strada Urbana;VIA ILDEBRANDO DELLA GIOVANNA;all'intersezione con;VIA PANTALEO CARABELLESE;VIA PANTALEO CARABELLESE;;;Scontro frontale/laterale SX fra veicoli in marcia;Incrocio;Una carreggiata a doppio senso;Asciutto;Asfaltata;Verticale ed orizzontale;Nuvoloso;Normale;Buona;Ore Diurne;0;0;0;3;12.34377;41.87603;-1;2;Autovettura privata;In marcia / fermata / arresto;Passeggero;F;Illeso;0;;Non accertato;
2149718;17;22/09/2014 09:10;Strada Urbana;PIAZZA ADRIANA;in prossimità;;del civico n.;10/a;;Veicolo in marcia contro ostacolo accidentale;Rettilineo;Una carreggiata a senso unico di marcia;Asciutto;Asfaltata;Verticale ed orizzontale;Sereno;Normale;Buona;Ore Diurne;0;0;0;1;12.4655;41.90484;-1;1;Ciclomotore;In marcia / fermata / arresto;Conducente;M;Illeso;0;;;
2149721;5;22/09/2014 16:30;Strada Urbana;VIA DI PORTONACCIO;in corrispondenza;;del civico n.;138/A;;Veicolo in marcia contro veicolo fermo;Rettilineo;Due carreggiate;Asciutto;Asfaltata;Verticale ed orizzontale;Sereno;Normale;Buona;Ore Diurne;0;0;0;3;12.53788;41.89887;-1;1;Motociclo a solo;In marcia / fermata / arresto;Conducente;M;Illeso;0;;Non accertato;
2149721;5;22/09/2014 16:30;Strada Urbana;VIA DI PORTONACCIO;in corrispondenza;;del civico n.;138/A;;Veicolo in marcia contro veicolo fermo;Rettilineo;Due carreggiate;Asciutto;Asfaltata;Verticale ed orizzontale;Sereno;Normale;Buona;Ore Diurne;0;0;0;3;12.53788;41.89887;-1;1;Motociclo a solo;In marcia / fermata / arresto;Passeggero;F;Illeso;0;;Non accertato;
2149721;5;22/09/2014 16:30;Strada Urbana;VIA DI PORTONACCIO;in corrispondenza;;del civico n.;138/A;;Veicolo in marcia contro veicolo fermo;Rettilineo;Due carreggiate;Asciutto;Asfaltata;Verticale ed orizzontale;Sereno;Normale;Buona;Ore Diurne;0;0;0;3;12.53788;41.89887;-1;2;Autovettura privata;In marcia / fermata / arresto;Conducente;F;Illeso;0;;Non accertato;
2149733;17;22/09/2014 10:30;Strada Urbana;PIAZZA GIUSEPPE MAZZINI;in prossimità;;del civico n.;8;;Scontro frontale fra veicoli in marcia;Rettilineo;Una carreggiata a senso unico di marcia;Asciutto;Asfaltata;Verticale ed orizzontale;Nuvoloso;Normale;Buona;Ore Diurne;0;0;0;3;12.46392;41.9155;-1;1;Autovettura privata;In marcia / fermata / arresto;Conducente;M;Illeso;0;;;