Protocollo;Gruppo;DataOraIncidente;Localizzazione1;STRADA1;Localizzazione2;STRADA2;Strada02;Chilometrica;DaSpecificare;NaturaIncidente;particolaritastrade;TipoStrada;FondoStradale;Pavimentazione;Segnaletica;CondizioneAtmosferica;Traffico;Visibilita;Illuminazione;NUM_FERITI;NUM_RISERVATA;NUM_MORTI;NUM_ILLESI;Longitudine;Latitudine;Confermato;Progressivo;TipoVeicolo;StatoVeicolo;TipoPersona;Sesso;Tipolesione;Deceduto;DecedutoDopo;CinturaCascoUtilizzato;Airbag
2150019;13;23/09/2014 08:10;Strada Urbana;VIA DELLE BALENIERE;all'intersezione con;VIA DELLE MOLUCCHE;VIA DELLE MOLUCCHE;;;Scontro frontale/laterale SX fra veicoli in marcia;Incrocio;Una carreggiata a doppio senso;Asciutto;Asfaltata;Orizzontale;Sereno;Normale;Buona;Ore Diurne;1;0;0;3;12.28045;41.73986;-1;3;Autovettura privata;In marcia / fermata / arresto;Conducente;M;Illeso;0;;Non accertato;Inesploso
2150019;13;23/09/2014 08:10;Strada Urbana;VIA DELLE BALENIERE;all'intersezione con;VIA DELLE MOLUCCHE;VIA DELLE MOLUCCHE;;;Scontro frontale/laterale SX fra veicoli in marcia;Incrocio;Una carreggiata a doppio senso;Asciutto;Asfaltata;Orizzontale;Sereno;Normale;Buona;Ore Diurne;1;0;0;3;12.28045;41.73986;-1;3;Autovettura privata;In marcia / fermata / arresto;Passeggero;F;Illeso;0;;Non accertato;Inesploso
2150021;17;22/09/2014 17:15;Strada Urbana;VIA DEI GRACCHI;in corrispondenza;;del civico n.;217;;Scontro laterale fra veicoli in marcia;Rettilineo;Una carreggiata a senso unico di marcia;Asciutto;Asfaltata;Verticale ed orizzontale;Sereno;Normale;Buona;Ore Diurne;0;0;0;2;12.46401;41.90833;-1;1;Autovettura privata;In marcia / fermata / arresto;Conducente;M;Illeso;0;;;
2150021;17;22/09/2014 17:15;Strada Urbana;VIA DEI GRACCHI;in corrispondenza;;del civico n.;217;;Scontro laterale fra veicoli in marcia;Rettilineo;Una carreggiata a senso unico di marcia;Asciutto;Asfaltata;Verticale ed orizzontale;Sereno;Normale;Buona;Ore Diurne;0;0;0;2;12.46401;41.90833;-1;2;Autovettura privata;In marcia / fermata / arresto;Conducente;F;Illeso;0;;Non accertato;
2150037;12;22/09/2014 21:30;Strada Urbana;VIA LAURENTINA;all'intersezione con;VIA CELINE;VIA CELINE;;;Scontro frontale/laterale DX fra veicoli in marcia;Intersezione semaforizzata;Due carreggiate;Asciutto;Asfaltata;Verticale ed orizzontale;Sereno;Scarso;Buona;Sufficiente;1;0;0;2;12.48462;41.80888;-1;1;Autovettura privata;In marcia / fermata / arresto;Conducente;F;Rimandato;0;NON DECEDUTO;Utilizzato;Inesploso
2150037;12;22/09/2014 21:30;Strada Urbana;VIA LAURENTINA;all'intersezione con;VIA CELINE;VIA CELINE;;;Scontro frontale/laterale DX fra veicoli in marcia;Intersezione semaforizzata;Due carreggiate;Asciutto;Asfaltata;Verticale ed orizzontale;Sereno;Scarso;Buona;Sufficiente;1;0;0;2;12.48462;41.80888;-1;2;Autovettura privata;In marcia / fermata / arresto;Conducente;M;Illeso;0;;Utilizzato;Inesploso
2150037;12;22/09/2014 21:30;Strada Urbana;VIA LAURENTINA;all'intersezione con;VIA CELINE;VIA CELINE;;;Scontro frontale/laterale DX fra veicoli in marcia;Intersezione semaforizzata;Due carreggiate;Asciutto;Asfaltata;Verticale ed orizzontale;Sereno;Scarso;Buona;Sufficiente;1;0;0;2;12.48462;41.80888;-1;3;Autocarro inferiore 35 q.;In marcia / fermata / arresto;Conducente;M;Illeso;0;;Utilizzato;Inesploso
2150054;20;22/09/2014 18:35;Strada Urbana;VIA CASSIA;all'intersezione con;VIA LUCIO CASSIO;VIA LUCIO CASSIO;;;Scontro frontale/laterale SX fra veicoli in marcia;Incrocio;Una carreggiata a doppio senso;Asciutto;Asfaltata;Verticale ed orizzontale;Sereno;Normale;Sufficiente;Ore Diurne;1;0;0;2;12.41447;41.9825;-1;1;Autovettura privata;In marcia / fermata / arresto;Conducente;F;Illeso;0;;;
2150054;20;22/09/2014 18:35;Strada Urbana;VIA CASSIA;all'intersezione con;VIA LUCIO CASSIO;VIA LUCIO CASSIO;;;Scontro frontale/laterale SX fra veicoli in marcia;Incrocio;Una carreggiata a doppio senso;Asciutto;Asfaltata;Verticale ed orizzontale;Sereno;Normale;Sufficiente;Ore Diurne;1;0;0;2;12.41447;41.9825;-1;1;Autovettura privata;In marcia / fermata / arresto;Passeggero;M;Illeso;0;;;
2150054;20;22/09/2014 18:35;Strada Urbana;VIA CASSIA;all'intersezione con;VIA LUCIO CASSIO;VIA LUCIO CASSIO;;;Scontro frontale/laterale SX fra veicoli in marcia;Incrocio;Una carreggiata a doppio senso;Asciutto;Asfaltata;Verticale ed orizzontale;Sereno;Normale;Sufficiente;Ore Diurne;1;0;0;2;12.41447;41.9825;-1;2;Motociclo a solo;In marcia / fermata / arresto;Conducente;M;Ricoverato;0;NON DECEDUTO;;
2150057;20;23/09/2014 07:50;Strada Urbana;VIA DEGLI ORTI DELLA FARNESINA;da specificare;;;;prossimità via giochi istmici;Scontro laterale fra veicoli in marcia;Rettilineo;Una carreggiata a senso unico di marcia;Asciutto;Asfaltata;Orizzontale;Sereno;Intenso;Buona;Ore Diurne;0;0;0;2;12.46215;41.94238;-1;1;Motociclo a solo;In marcia / fermata / arresto;Conducente;M;Illeso;0;;Non accertato;
2150057;20;23/09/2014 07:50;Strada Urbana;VIA DEGLI ORTI DELLA FARNESINA;da specificare;;;;prossimità via giochi istmici;Scontro laterale fra veicoli in marcia;Rettilineo;Una carreggiata a senso unico di marcia;Asciutto;Asfaltata;Orizzontale;Sereno;Intenso;Buona;Ore Diurne;0;0;0;2;12.46215;41.94238;-1;2;Autovettura privata;In marcia / fermata / arresto;Conducente;M;Illeso;0;;Non accertato;Inesploso
2150067;1;23/09/2014 08:50;Strada Urbana;VIA DI S. MARIA IN COSMEDIN;all'intersezione semaforizzata con;VIA DELLA GRECA;VIA DELLA GRECA;;;Scontro laterale fra veicoli in marcia;Intersezione semaforizzata;Una carreggiata a doppio senso;Asciutto;Asfaltata;Verticale ed orizzontale;Sereno;Normale;Buona;Ore Diurne;0;0;0;2;12.48111;41.88785;-1;1;Autobus urbano;In marcia / fermata / arresto;Conducente;M;Illeso;0;;Non accertato;Inesistente
2150067;1;23/09/2014 08:50;Strada Urbana;VIA DI S. MARIA IN COSMEDIN;all'intersezione semaforizzata con;VIA DELLA GRECA;VIA DELLA GRECA;;;Scontro laterale fra veicoli in marcia;Intersezione semaforizzata;Una carreggiata a doppio senso;Asciutto;Asfaltata;Verticale ed orizzontale;Sereno;Normale;Buona;Ore Diurne;0;0;0;2;12.48111;41.88785;-1;2;Ciclomotore;In marcia / fermata / arresto;Conducente;M;Illeso;0;;Non accertato;
2150073;20;22/09/2014 08:30;Regionale;VIA FLAMINIA;in prossimità;;della chilometrica;16.2;;Tamponamento Multiplo;Rettilineo;Una carreggiata a doppio senso;Asciutto;Asfaltata;Orizzontale;Sereno;Intenso;Buona;Ore Diurne;0;0;0;3;12.49479;41.99225;-1;1;Autovettura privata;In marcia / fermata / arresto;Conducente;F;Illeso;0;;Non accertato;Inesploso
2150073;20;22/09/2014 08:30;Regionale;VIA FLAMINIA;in prossimità;;della chilometrica;16.2;;Tamponamento Multiplo;Rettilineo;Una carreggiata a doppio senso;Asciutto;Asfaltata;Orizzontale;Sereno;Intenso;Buona;Ore Diurne;0;0;0;3;12.49479;41.99225;-1;2;Autovettura privata;In marcia / fermata / arresto;Conducente;F;Illeso;0;;Non accertato;Inesploso
2150073;20;22/09/2014 08:30;Regionale;VIA FLAMINIA;in prossimità;;della chilometrica;16.2;;Tamponamento Multiplo;Rettilineo;Una carreggiata a doppio senso;Asciutto;Asfaltata;Orizzontale;Sereno;Intenso;Buona;Ore Diurne;0;0;0;3;12.49479;41.99225;-1;3;Autovettura privata;In marcia / fermata / arresto;Conducente;M;Illeso;0;;Non accertato;Inesploso
2150080;1;23/09/2014 02:40;Strada Urbana;LUNGOTEVERE AVENTINO;in corrispondenza;;del civico n.;9;;Veicolo in marcia contro ostacolo fisso;Rettilineo;Due carreggiate;Asciutto;Asfaltata;Verticale ed orizzontale;Sereno;Scarso;Buona;Sufficiente;1;0;0;0;12.47681;41.88353;-1;1;Autovettura privata;In marcia / fermata / arresto;Conducente;M;Rimandato;0;NON DECEDUTO;Non accertato;Esploso
2150088;18;23/09/2014 08:15;Statale;VIA AURELIA;in prossimità;;della chilometrica;12;;Scontro laterale fra veicoli in marcia;Rettilineo;Due carreggiate;Asciutto;Asfaltata;Verticale ed orizzontale;Sereno;Normale;Buona;Ore Diurne;1;0;0;0;12.48018;41.87239;-1;1;Motociclo a solo;In marcia / fermata / arresto;Conducente;F;Rimandato;0;NON DECEDUTO;Non accertato;
2150104;3;22/09/2014 03:20;Strada Urbana;VIALE GORIZIA;in prossimità;;del civico n.;25D;;Veicolo in marcia contro veicolo in sosta;Rettilineo;Due carreggiate;Asciutto;Asfaltata;Verticale ed orizzontale;Nuvoloso;Scarso;Buona;Sufficiente;1;0;0;0;12.5122;41.91948;-1;1;Autovettura privata;In marcia / fermata / arresto;Conducente;M;Rimandato;0;NON DECEDUTO;Non accertato;Inesploso
2150121;16;22/09/2014 07:30;Strada Urbana;VIA DEL FORTE BRAVETTA;in prossimità;;del civico n.;18;;Veicolo in marcia contro veicolo arresto;Rettilineo;Una carreggiata a senso unico di marcia;Asciutto;Asfaltata;Assente;Sereno;Normale;Buona;Ore Diurne;1;0;0;3;12.43191;41.87417;-1;1;Motociclo a solo;In marcia / fermata / arresto;Conducente;M;Rimandato;0;NON DECEDUTO;;
2150121;16;22/09/2014 07:30;Strada Urbana;VIA DEL FORTE BRAVETTA;in prossimità;;del civico n.;18;;Veicolo in marcia contro veicolo arresto;Rettilineo;Una carreggiata a senso unico di marcia;Asciutto;Asfaltata;Assente;Sereno;Normale;Buona;Ore Diurne;1;0;0;3;12.43191;41.87417;-1;2;Autovettura privata;In marcia / fermata / arresto;Conducente;F;Illeso;0;;Non accertato;Inesploso
2150121;16;22/09/2014 07:30;Strada Urbana;VIA DEL FORTE BRAVETTA;in prossimità;;del civico n.;18;;Veicolo in marcia contro veicolo arresto;Rettilineo;Una carreggiata a senso unico di marcia;Asciutto;Asfaltata;Assente;Sereno;Normale;Buona;Ore Diurne;1;0;0;3;12.43191;41.87417;-1;2;Autovettura privata;In marcia / fermata / arresto;Passeggero;F;Illeso;0;;Non accertato;Inesploso
2150121;16;22/09/2014 07:30;Strada Urbana;VIA DEL FORTE BRAVETTA;in prossimità;;del civico n.;18;;Veicolo in marcia contro veicolo arresto;Rettilineo;Una carreggiata a senso unico di marcia;Asciutto;Asfaltata;Assente;Sereno;Normale;Buona;Ore Diurne;1;0;0;3;12.43191;41.87417;-1;2;Autovettura privata;In marcia / fermata / arresto;Passeggero;M;Illeso;0;;Non accertato;Inesploso
2150126;3;22/09/2014 18:10;Strada Urbana;VIALE REGINA MARGHERITA;all'intersezione con;VIA GIOVANNI BATTISTA MORGAGNI;VIA GIOVANNI BATTISTA MORGAGNI;;;Scontro laterale fra veicoli in marcia;Intersezione semaforizzata;Una carreggiata a doppio senso;Asciutto;Asfaltata;Verticale ed orizzontale;Nuvoloso;Normale;Buona;Ore Diurne;1;0;0;1;12.51038;41.9099;-1;1;Autovettura privata;In marcia / fermata / arresto;Conducente;M;Illeso;0;;Non accertato;Inesploso
2150126;3;22/09/2014 18:10;Strada Urbana;VIALE REGINA MARGHERITA;all'intersezione con;VIA GIOVANNI BATTISTA MORGAGNI;VIA GIOVANNI BATTISTA MORGAGNI;;;Scontro laterale fra veicoli in marcia;Intersezione semaforizzata;Una carreggiata a doppio senso;Asciutto;Asfaltata;Verticale ed orizzontale;Nuvoloso;Normale;Buona;Ore Diurne;1;0;0;1;12.51038;41.9099;-1;2;Ciclomotore;In marcia / fermata / arresto;Conducente;M;Rifiuta cure immediate;0;NON DECEDUTO;Non accertato;
2150150;1;22/09/2014 21:10;Strada Urbana;VIA DI MONTE BRIANZO;in prossimità;;del palo luce n.;4;;Scontro laterale fra veicoli in marcia;Rettilineo;Una carreggiata a senso unico di marcia;Asciutto;In cubetti di porfido;Verticale ed orizzontale;Sereno;Normale;Buona;Sufficiente;0;0;0;3;12.47357;41.90264;-1;1;Autovettura privata;In marcia / fermata / arresto;Conducente;M;Illeso;0;;Utilizzato;Inesploso
2150150;1;22/09/2014 21:10;Strada Urbana;VIA DI MONTE BRIANZO;in prossimità;;del palo luce n.;4;;Scontro laterale fra veicoli in marcia;Rettilineo;Una carreggiata a senso unico di marcia;Asciutto;In cubetti di porfido;Verticale ed orizzontale;Sereno;Normale;Buona;Sufficiente;0;0;0;3;12.47357;41.90264;-1;2;Autovettura privata;In marcia / fermata / arresto;Conducente;M;Illeso;0;;Non accertato;
2150150;1;22/09/2014 21:10;Strada Urbana;VIA DI MONTE BRIANZO;in prossimità;;del palo luce n.;4;;Scontro laterale fra veicoli in marcia;Rettilineo;Una carreggiata a senso unico di marcia;Asciutto;In cubetti di porfido;Verticale ed orizzontale;Sereno;Normale;Buona;Sufficiente;0;0;0;3;12.47357;41.90264;-1;2;Autovettura privata;In marcia / fermata / arresto;Passeggero;M;Illeso;0;;Non accertato;
2150188;19;23/09/2014 07:40;Strada Urbana;VIA DELLA RISERVA GRANDE;in prossimità;;del civico n.;82;;Scontro laterale fra veicoli in marcia;Rettilineo;Una carreggiata a doppio senso;Asciutto;Asfaltata;Orizzontale;Sereno;Normale;Buona;Ore Diurne;1;0;0;2;12.37445;41.94787;-1;1;Autovettura privata;In marcia / fermata / arresto;Conducente;M;Illeso;0;;;
2150188;19;23/09/2014 07:40;Strada Urbana;VIA DELLA RISERVA GRANDE;in prossimità;;del civico n.;82;;Scontro laterale fra veicoli in marcia;Rettilineo;Una carreggiata a doppio senso;Asciutto;Asfaltata;Orizzontale;Sereno;Normale;Buona;Ore Diurne;1;0;0;2;12.37445;41.94787;-1;2;Motociclo a solo;In marcia / fermata / arresto;Conducente;M;Rifiuta cure immediate;0;NON DECEDUTO;;
2150188;19;23/09/2014 07:40;Strada Urbana;VIA DELLA RISERVA GRANDE;in prossimità;;del civico n.;82;;Scontro laterale fra veicoli in marcia;Rettilineo;Una carreggiata a doppio senso;Asciutto;Asfaltata;Orizzontale;Sereno;Normale;Buona;Ore Diurne;1;0;0;2;12.37445;41.94787;-1;2;Motociclo a solo;In marcia / fermata / arresto;Passeggero;F;Illeso;0;;;
2150189;2;22/09/2014 11:15;Strada Urbana;VIA ASMARA;da specificare;;;;fronte via Adigrat;Veicolo in marcia contro ostacolo fisso;Rettilineo;Una carreggiata a doppio senso;Asciutto;Asfaltata;Verticale ed orizzontale;Sereno;Scarso;Buona;Ore Diurne;0;0;0;1;12.51741;41.927;-1;1;Autovettura privata;In marcia / fermata / arresto;Conducente;F;Illeso;0;;Non accertato;Inesploso
2150190;17;22/09/2014 20:50;Strada Urbana;VIA TRIONFALE;in prossimità;;del civico n.;166;;Veicolo in marcia contro veicolo in sosta;Rettilineo;Una carreggiata a doppio senso;Asciutto;Asfaltata;Verticale ed orizzontale;Nuvoloso;Scarso;Sufficiente;Sufficiente;0;0;0;1;12.45372;41.91122;-1;1;Autocarro inferiore 35 q.;In marcia / fermata / arresto;Conducente;M;Illeso;0;;Non accertato;Inesploso
2150214;17;23/09/2014 10:30;Strada Urbana;VIA LEONE IV;da specificare;;;;tra i civici 135/A e 137/A;Investimento di pedone;Rettilineo;Una carreggiata a doppio senso;Asciutto;Asfaltata;Verticale ed orizzontale;Sereno;Normale;Buona;Ore Diurne;1;0;0;1;11.18758;45.26377;-1;;;;Pedone;F;Rimandato;0;NON DECEDUTO;;
2150214;17;23/09/2014 10:30;Strada Urbana;VIA LEONE IV;da specificare;;;;tra i civici 135/A e 137/A;Investimento di pedone;Rettilineo;Una carreggiata a doppio senso;Asciutto;Asfaltata;Verticale ed orizzontale;Sereno;Normale;Buona;Ore Diurne;1;0;0;1;11.18758;45.26377;-1;1;Motociclo a solo;In marcia / fermata / arresto;Conducente;M;Illeso;0;;Utilizzato;
2150217;23;22/09/2014 16:20;Comunale extraurbana;VIA CRISTOFORO COLOMBO;in prossimità;;della chilometrica;18.1;;Tamponamento Multiplo;Rettilineo;Più di due carreggiate;Asciutto;Asfaltata;Verticale ed orizzontale;Nuvoloso;Normale;Buona;Ore Diurne;0;0;0;4;12.39661;41.7753;-1;1;Autovettura privata;In marcia / fermata / arresto;Conducente;M;Illeso;0;;Non accertato;Inesploso
2150217;23;22/09/2014 16:20;Comunale extraurbana;VIA CRISTOFORO COLOMBO;in prossimità;;della chilometrica;18.1;;Tamponamento Multiplo;Rettilineo;Più di due carreggiate;Asciutto;Asfaltata;Verticale ed orizzontale;Nuvoloso;Normale;Buona;Ore Diurne;0;0;0;4;12.39661;41.7753;-1;2;Autovettura privata;In marcia / fermata / arresto;Conducente;M;Illeso;0;;Utilizzato;Inesploso
2150217;23;22/09/2014 16:20;Comunale extraurbana;VIA CRISTOFORO COLOMBO;in prossimità;;della chilometrica;18.1;;Tamponamento Multiplo;Rettilineo;Più di due carreggiate;Asciutto;Asfaltata;Verticale ed orizzontale;Nuvoloso;Normale;Buona;Ore Diurne;0;0;0;4;12.39661;41.7753;-1;3;Autovettura privata;In marcia / fermata / arresto;Conducente;M;Illeso;0;;Utilizzato;Inesploso
2150217;23;22/09/2014 16:20;Comunale extraurbana;VIA CRISTOFORO COLOMBO;in prossimità;;della chilometrica;18.1;;Tamponamento Multiplo;Rettilineo;Più di due carreggiate;Asciutto;Asfaltata;Verticale ed orizzontale;Nuvoloso;Normale;Buona;Ore Diurne;0;0;0;4;12.39661;41.7753;-1;4;Autovettura pubblica;In marcia / fermata / arresto;Conducente;M;Illeso;0;;Non accertato;Inesploso
2150222;2;22/09/2014 16:45;Strada Urbana;VIA TIGRE';da specificare;;;;pross. civ. 96;Veicolo in marcia contro veicoli in sosta;Rettilineo;Una carreggiata a senso unico di marcia;Asciutto;Asfaltata;Verticale ed orizzontale;Sereno;Normale;Buona;Ore Diurne;0;0;0;1;12.48018;41.87239;-1;1;Autovettura privata;In marcia / fermata / arresto;Conducente;M;Illeso;0;;;
2150264;2;23/09/2014 00:10;Strada Urbana;VIA FILIPPO CIVININI;in corrispondenza;;del civico n.;61;;Veicolo in marcia contro veicolo in sosta;Rettilineo;Una carreggiata a doppio senso;Asciutto;Asfaltata;Verticale ed orizzontale;Sereno;Scarso;Buona;Sufficiente;0;0;0;1;12.4813;41.92479;-1;1;Autovettura privata;In marcia / fermata / arresto;Conducente;M;Illeso;0;;Non accertato;Inesploso
2150273;20;22/09/2014 19:30;Strada Urbana;VIA GIULIO GALLI;in prossimità;;del civico n.;71/a;;Scontro frontale/laterale SX fra veicoli in marcia;Curva a visuale libera;Una carreggiata a doppio senso;Asciutto;Asfaltata;Assente;Sereno;Scarso;Buona;Sufficiente;0;0;0;3;12.40242;41.99272;-1;1;Autovettura privata;In marcia / fermata / arresto;Conducente;M;Illeso;0;;Non accertato;Inesploso
2150273;20;22/09/2014 19:30;Strada Urbana;VIA GIULIO GALLI;in prossimità;;del civico n.;71/a;;Scontro frontale/laterale SX fra veicoli in marcia;Curva a visuale libera;Una carreggiata a doppio senso;Asciutto;Asfaltata;Assente;Sereno;Scarso;Buona;Sufficiente;0;0;0;3;12.40242;41.99272;-1;2;Autovettura privata;In marcia / fermata / arresto;Conducente;F;Illeso;0;;Non accertato;Inesploso
2150273;20;22/09/2014 19:30;Strada Urbana;VIA GIULIO GALLI;in prossimità;;del civico n.;71/a;;Scontro frontale/laterale SX fra veicoli in marcia;Curva a visuale libera;Una carreggiata a doppio senso;Asciutto;Asfaltata;Assente;Sereno;Scarso;Buona;Sufficiente;0;0;0;3;12.40242;41.99272;-1;2;Autovettura privata;In marcia / fermata / arresto;Passeggero;F;Illeso;0;;;
2150328;12;23/09/2014 09:25;Strada Urbana;VIALE DELL'OCEANO INDIANO;all'intersezione con;VIA PRAGA;VIA PRAGA;;;Scontro frontale/laterale SX fra veicoli in marcia;Intersezione stradale segnalata;Una carreggiata a doppio senso;Asciutto;Asfaltata;Verticale ed orizzontale;Sereno;Normale;Buona;Ore Diurne;0;0;0;4;12.4486;41.82464;-1;1;Autovettura privata;In marcia / fermata / arresto;Conducente;M;Illeso;0;;Utilizzato;Inesploso
2150328;12;23/09/2014 09:25;Strada Urbana;VIALE DELL'OCEANO INDIANO;all'intersezione con;VIA PRAGA;VIA PRAGA;;;Scontro frontale/laterale SX fra veicoli in marcia;Intersezione stradale segnalata;Una carreggiata a doppio senso;Asciutto;Asfaltata;Verticale ed orizzontale;Sereno;Normale;Buona;Ore Diurne;0;0;0;4;12.4486;41.82464;-1;1;Autovettura privata;In marcia / fermata / arresto;Passeggero;F;Illeso;0;;Non accertato;Inesistente
2150328;12;23/09/2014 09:25;Strada Urbana;VIALE DELL'OCEANO INDIANO;all'intersezione con;VIA PRAGA;VIA PRAGA;;;Scontro frontale/laterale SX fra veicoli in marcia;Intersezione stradale segnalata;Una carreggiata a doppio senso;Asciutto;Asfaltata;Verticale ed orizzontale;Sereno;Normale;Buona;Ore Diurne;0;0;0;4;12.4486;41.82464;-1;1;Autovettura privata;In marcia / fermata / arresto;Passeggero;F;Illeso;0;;Non accertato;Inesploso
2150328;12;23/09/2014 09:25;Strada Urbana;VIALE DELL'OCEANO INDIANO;all'intersezione con;VIA PRAGA;VIA PRAGA;;;Scontro frontale/laterale SX fra veicoli in marcia;Intersezione stradale segnalata;Una carreggiata a doppio senso;Asciutto;Asfaltata;Verticale ed orizzontale;Sereno;Normale;Buona;Ore Diurne;0;0;0;4;12.4486;41.82464;-1;2;Autovettura privata;In marcia / fermata / arresto;Conducente;F;Illeso;0;;Non accertato;Inesploso
2150330;7;23/09/2014 11:30;Strada Urbana;VIA DI TOR SAPIENZA;in prossimità;;del civico n.;35;;Veicolo in marcia contro veicoli in sosta;Rettilineo;Una carreggiata a doppio senso;Asciutto;Asfaltata;Verticale ed orizzontale;Nuvoloso;Normale;Buona;Ore Diurne;0;0;0;1;12.59071;41.90115;-1;3;Autovettura privata;Allontanatosi;Conducente;M;Illeso;0;;Non accertato;Inesploso
2150353;2;22/09/2014 10:55;Strada Urbana;VIA EMANUELE GIANTURCO;in prossimità;;del civico n.;1;;Tamponamento;Rettilineo;Due carreggiate;Asciutto;Asfaltata;Verticale ed orizzontale;Nuvoloso;Intenso;Buona;Ore Diurne;0;0;0;2;12.47415;41.91356;-1;1;Autovettura privata;In marcia / fermata / arresto;Conducente;M;Illeso;0;;Non accertato;Inesploso
2150353;2;22/09/2014 10:55;Strada Urbana;VIA EMANUELE GIANTURCO;in prossimità;;del civico n.;1;;Tamponamento;Rettilineo;Due carreggiate;Asciutto;Asfaltata;Verticale ed orizzontale;Nuvoloso;Intenso;Buona;Ore Diurne;0;0;0;2;12.47415;41.91356;-1;2;Autovettura di polizia;In marcia / fermata / arresto;Conducente;F;Illeso;0;;Non accertato;Inesploso
2150376;2;23/09/2014 09:20;Strada Urbana;VIA SERCHIO;all'intersezione con;VIA CLITUNNO;VIA CLITUNNO;;;Scontro frontale/laterale DX fra veicoli in marcia;Incrocio;Una carreggiata a doppio senso;Asciutto;Asfaltata;Verticale ed orizzontale;Sereno;Scarso;Buona;Ore Diurne;0;0;0;2;12.50462;41.91894;-1;1;Autovettura privata;In marcia / fermata / arresto;Conducente;F;Illeso;0;;Non accertato;Inesploso
2150376;2;23/09/2014 09:20;Strada Urbana;VIA SERCHIO;all'intersezione con;VIA CLITUNNO;VIA CLITUNNO;;;Scontro frontale/laterale DX fra veicoli in marcia;Incrocio;Una carreggiata a doppio senso;Asciutto;Asfaltata;Verticale ed orizzontale;Sereno;Scarso;Buona;Ore Diurne;0;0;0;2;12.50462;41.91894;-1;2;Autovettura privata;In marcia / fermata / arresto;Conducente;M;Illeso;0;;Non accertato;Inesploso
2150377;2;23/09/2014 12:00;Strada Urbana;VIA NOMENTANA;all'intersezione semaforizzata con;VIA ASMARA;VIA ASMARA;;;Scontro laterale fra veicoli in marcia;Intersezione semaforizzata;Una carreggiata a doppio senso;Asciutto;Asfaltata;Verticale ed orizzontale;Sereno;Normale;Buona;Ore Diurne;0;0;0;3;12.52194;41.92535;-1;1;Autovettura privata;In marcia / fermata / arresto;Conducente;M;Illeso;0;;Non accertato;Inesploso
2150377;2;23/09/2014 12:00;Strada Urbana;VIA NOMENTANA;all'intersezione semaforizzata con;VIA ASMARA;VIA ASMARA;;;Scontro laterale fra veicoli in marcia;Intersezione semaforizzata;Una carreggiata a doppio senso;Asciutto;Asfaltata;Verticale ed orizzontale;Sereno;Normale;Buona;Ore Diurne;0;0;0;3;12.52194;41.92535;-1;1;Autovettura privata;In marcia / fermata / arresto;Passeggero;F;Illeso;0;;Non accertato;Inesploso
2150377;2;23/09/2014 12:00;Strada Urbana;VIA NOMENTANA;all'intersezione semaforizzata con;VIA ASMARA;VIA ASMARA;;;Scontro laterale fra veicoli in marcia;Intersezione semaforizzata;Una carreggiata a doppio senso;Asciutto;Asfaltata;Verticale ed orizzontale;Sereno;Normale;Buona;Ore Diurne;0;0;0;3;12.52194;41.92535;-1;2;Motociclo a solo;In marcia / fermata / arresto;Conducente;M;Illeso;0;;Non accertato;
2150378;10;23/09/2014 12:50;Strada Urbana;VIA FABRIZIO LUSCINO;all'intersezione con;VIA DEL QUADRARO;VIA DEL QUADRARO;;;Tamponamento;Intersezione stradale segnalata;Una carreggiata a senso unico di marcia;Asciutto;Asfaltata;Verticale ed orizzontale;Nuvoloso;Normale;Buona;Ore Diurne;0;0;0;3;12.55336;41.85711;-1;1;Autovettura privata;In marcia / fermata / arresto;Conducente;F;Illeso;0;;Non accertato;Inesploso
2150378;10;23/09/2014 12:50;Strada Urbana;VIA FABRIZIO LUSCINO;all'intersezione con;VIA DEL QUADRARO;VIA DEL QUADRARO;;;Tamponamento;Intersezione stradale segnalata;Una carreggiata a senso unico di marcia;Asciutto;Asfaltata;Verticale ed orizzontale;Nuvoloso;Normale;Buona;Ore Diurne;0;0;0;3;12.55336;41.85711;-1;1;Autovettura privata;In marcia / fermata / arresto;Passeggero;M;Illeso;0;;Non accertato;Inesploso
2150378;10;23/09/2014 12:50;Strada Urbana;VIA FABRIZIO LUSCINO;all'intersezione con;VIA DEL QUADRARO;VIA DEL QUADRARO;;;Tamponamento;Intersezione stradale segnalata;Una carreggiata a senso unico di marcia;Asciutto;Asfaltata;Verticale ed orizzontale;Nuvoloso;Normale;Buona;Ore Diurne;0;0;0;3;12.55336;41.85711;-1;2;Autovettura privata;In marcia / fermata / arresto;Conducente;F;Illeso;0;;Non accertato;Inesploso
2150385;5;22/09/2014 18:30;Strada Urbana;VIA TIBURTINA;da specificare;;;;incrocio rampa G.R.A. direzione Tivoli;Scontro laterale fra veicoli in marcia;Rettilineo;Una carreggiata a doppio senso;Asciutto;Asfaltata;Verticale ed orizzontale;Sereno;Intenso;Buona;Ore Diurne;0;0;0;3;12.60222;41.93343;-1;1;Autovettura privata;In marcia / fermata / arresto;Conducente;M;Illeso;0;;Non accertato;Inesistente