Protocollo;Gruppo;DataOraIncidente;Localizzazione1;STRADA1;Localizzazione2;STRADA2;Strada02;Chilometrica;DaSpecificare;NaturaIncidente;particolaritastrade;TipoStrada;FondoStradale;Pavimentazione;Segnaletica;CondizioneAtmosferica;Traffico;Visibilita;Illuminazione;NUM_FERITI;NUM_RISERVATA;NUM_MORTI;NUM_ILLESI;Longitudine;Latitudine;Confermato;Progressivo;TipoVeicolo;StatoVeicolo;TipoPersona;Sesso;Tipolesione;Deceduto;DecedutoDopo;CinturaCascoUtilizzato;Airbag
2152659;15;25/09/2014 11:45;Strada Urbana;VIA DELLA MAGLIANA;in prossimità;;del civico n.;704;;Scontro frontale fra veicoli in marcia;Curva senza visuale libera;Una carreggiata a doppio senso;Bagnato (umidità in atto);Asfaltata;Orizzontale;Nuvoloso;Normale;Buona;Ore Diurne;2;0;0;1;12.42055;41.83194;-1;2;Autovettura privata;In marcia / fermata / arresto;Conducente;F;Rimandato;0;NON DECEDUTO;Utilizzato;Inesploso
2152670;16;24/09/2014 10:15;Strada Urbana;VIA ROBERTO ALESSANDRI;all'intersezione con;VIA CASIMIRO MANASSEI;VIA CASIMIRO MANASSEI;;;Scontro frontale/laterale SX fra veicoli in marcia;Incrocio;Una carreggiata a doppio senso;Bagnato (umidità in atto);Asfaltata;Verticale ed orizzontale;Nuvoloso;Scarso;Buona;Ore Diurne;1;0;0;1;12.44113;41.86754;-1;1;Autovettura privata;In marcia / fermata / arresto;Conducente;F;Illeso;0;;Non accertato;Inesploso
2152670;16;24/09/2014 10:15;Strada Urbana;VIA ROBERTO ALESSANDRI;all'intersezione con;VIA CASIMIRO MANASSEI;VIA CASIMIRO MANASSEI;;;Scontro frontale/laterale SX fra veicoli in marcia;Incrocio;Una carreggiata a doppio senso;Bagnato (umidità in atto);Asfaltata;Verticale ed orizzontale;Nuvoloso;Scarso;Buona;Ore Diurne;1;0;0;1;12.44113;41.86754;-1;2;Motociclo a solo;In marcia / fermata / arresto;Conducente;F;Rimandato;0;NON DECEDUTO;Non accertato;
2152672;10;25/09/2014 09:00;Statale;VIA APPIA NUOVA;da specificare;;;;svincolo direzione G.R.A. - EUR;Veicolo in marcia contro ostacolo accidentale;Curva senza visuale libera;Una carreggiata a senso unico di marcia;Viscido da liquidi oleosi;Asfaltata;Verticale ed orizzontale;Sereno;Intenso;Buona;Ore Diurne;0;0;0;1;12.57267;41.81286;-1;1;Motociclo a solo;In marcia / fermata / arresto;Conducente;M;Illeso;0;;Utilizzato;
2152676;16;24/09/2014 10:30;Strada Urbana;VIA BERNARDINO RAMAZZINI;in prossimità;;del civico n.;76;;Scontro laterale fra veicoli in marcia;Rettilineo;Una carreggiata a doppio senso;Asciutto;Asfaltata;Verticale ed orizzontale;Nuvoloso;Intenso;Buona;Ore Diurne;0;0;0;2;12.45279;41.86947;-1;1;Autovettura privata;In marcia / fermata / arresto;Conducente;F;Illeso;0;;Non accertato;
2152676;16;24/09/2014 10:30;Strada Urbana;VIA BERNARDINO RAMAZZINI;in prossimità;;del civico n.;76;;Scontro laterale fra veicoli in marcia;Rettilineo;Una carreggiata a doppio senso;Asciutto;Asfaltata;Verticale ed orizzontale;Nuvoloso;Intenso;Buona;Ore Diurne;0;0;0;2;12.45279;41.86947;-1;2;Autovettura privata;In marcia / fermata / arresto;Conducente;M;Illeso;0;;Non accertato;
2152677;10;25/09/2014 11:40;Strada Urbana;VIA MASSIMO SEVERO GIANNINI;all'intersezione con;VIA GIUSEPPE BARILE;VIA GIUSEPPE BARILE;;;Scontro frontale/laterale DX fra veicoli in marcia;Incrocio;Una carreggiata a senso unico di marcia;Asciutto;Asfaltata;Verticale ed orizzontale;Nuvoloso;Scarso;Buona;Ore Diurne;1;0;0;2;12.60391;41.83715;-1;1;Autovettura privata;In marcia / fermata / arresto;Conducente;F;Illeso;0;;Utilizzato;Inesploso
2152677;10;25/09/2014 11:40;Strada Urbana;VIA MASSIMO SEVERO GIANNINI;all'intersezione con;VIA GIUSEPPE BARILE;VIA GIUSEPPE BARILE;;;Scontro frontale/laterale DX fra veicoli in marcia;Incrocio;Una carreggiata a senso unico di marcia;Asciutto;Asfaltata;Verticale ed orizzontale;Nuvoloso;Scarso;Buona;Ore Diurne;1;0;0;2;12.60391;41.83715;-1;1;Autovettura privata;In marcia / fermata / arresto;Passeggero;M;Rimandato;0;NON DECEDUTO;Utilizzato;Inesploso
2152677;10;25/09/2014 11:40;Strada Urbana;VIA MASSIMO SEVERO GIANNINI;all'intersezione con;VIA GIUSEPPE BARILE;VIA GIUSEPPE BARILE;;;Scontro frontale/laterale DX fra veicoli in marcia;Incrocio;Una carreggiata a senso unico di marcia;Asciutto;Asfaltata;Verticale ed orizzontale;Nuvoloso;Scarso;Buona;Ore Diurne;1;0;0;2;12.60391;41.83715;-1;2;Autovettura privata;In marcia / fermata / arresto;Conducente;M;Illeso;0;;Non accertato;Inesploso
2152871;15;25/09/2014 12:40;Strada Urbana;VIALE FRANCO D'AMICO;da specificare;;;;fronte padiglione 7 Fiera di Roma;Veicolo in marcia contro ostacolo fisso;Rettilineo;Due carreggiate;Bagnato (pioggia);Asfaltata;Verticale ed orizzontale;Nuvoloso;Scarso;Buona;Ore Diurne;1;0;0;0;12.33075;41.80617;-1;1;Autovettura privata;In marcia / fermata / arresto;Conducente;M;Rimandato;0;NON DECEDUTO;Utilizzato;
2152873;15;25/09/2014 15:51;Strada Urbana;VIA DELLA MAGLIANA;all'intersezione con;VIA TREQUANDA;VIA TREQUANDA;;;Tamponamento;Intersezione stradale segnalata;Due carreggiate;Asciutto;Asfaltata;Verticale ed orizzontale;Nuvoloso;Intenso;Buona;Ore Diurne;0;0;0;4;12.41962;41.83176;-1;1;Autobus urbano;In marcia / fermata / arresto;Conducente;M;Illeso;0;;Utilizzato;
2152873;15;25/09/2014 15:51;Strada Urbana;VIA DELLA MAGLIANA;all'intersezione con;VIA TREQUANDA;VIA TREQUANDA;;;Tamponamento;Intersezione stradale segnalata;Due carreggiate;Asciutto;Asfaltata;Verticale ed orizzontale;Nuvoloso;Intenso;Buona;Ore Diurne;0;0;0;4;12.41962;41.83176;-1;1;Autobus urbano;In marcia / fermata / arresto;Passeggero;M;Illeso;0;;Non accertato;
2152873;15;25/09/2014 15:51;Strada Urbana;VIA DELLA MAGLIANA;all'intersezione con;VIA TREQUANDA;VIA TREQUANDA;;;Tamponamento;Intersezione stradale segnalata;Due carreggiate;Asciutto;Asfaltata;Verticale ed orizzontale;Nuvoloso;Intenso;Buona;Ore Diurne;0;0;0;4;12.41962;41.83176;-1;1;Autobus urbano;In marcia / fermata / arresto;Passeggero;F;Illeso;0;;Utilizzato;
2152873;15;25/09/2014 15:51;Strada Urbana;VIA DELLA MAGLIANA;all'intersezione con;VIA TREQUANDA;VIA TREQUANDA;;;Tamponamento;Intersezione stradale segnalata;Due carreggiate;Asciutto;Asfaltata;Verticale ed orizzontale;Nuvoloso;Intenso;Buona;Ore Diurne;0;0;0;4;12.41962;41.83176;-1;2;Autocarro superiore 35 q.;In marcia / fermata / arresto;Conducente;M;Illeso;0;;Non accertato;
2152882;15;25/09/2014 16:30;Comunale extraurbana;VIA DELLA MURATELLA;da specificare;;;;PALO ACEA n. 167;Scontro laterale fra veicoli in marcia;Rettilineo;Una carreggiata a doppio senso;Bagnato (umidità in atto);Asfaltata;Temporanea di cantiere;Nuvoloso;Normale;Buona;Ore Diurne;0;0;0;3;12.28531;41.83233;-1;1;Autocarro inferiore 35 q.;In marcia / fermata / arresto;Conducente;M;Illeso;0;;;
2152882;15;25/09/2014 16:30;Comunale extraurbana;VIA DELLA MURATELLA;da specificare;;;;PALO ACEA n. 167;Scontro laterale fra veicoli in marcia;Rettilineo;Una carreggiata a doppio senso;Bagnato (umidità in atto);Asfaltata;Temporanea di cantiere;Nuvoloso;Normale;Buona;Ore Diurne;0;0;0;3;12.28531;41.83233;-1;1;Autocarro inferiore 35 q.;In marcia / fermata / arresto;Passeggero;M;Illeso;0;;;
2152882;15;25/09/2014 16:30;Comunale extraurbana;VIA DELLA MURATELLA;da specificare;;;;PALO ACEA n. 167;Scontro laterale fra veicoli in marcia;Rettilineo;Una carreggiata a doppio senso;Bagnato (umidità in atto);Asfaltata;Temporanea di cantiere;Nuvoloso;Normale;Buona;Ore Diurne;0;0;0;3;12.28531;41.83233;-1;2;Autovettura privata;In marcia / fermata / arresto;Conducente;M;Illeso;0;;;
2152893;11;25/09/2014 20:50;Strada Urbana;VIA CRISTOFORO COLOMBO;all'intersezione con;PIAZZA ELIO RUFINO;PIAZZA ELIO RUFINO;;;Scontro frontale/laterale DX fra veicoli in marcia;Intersezione semaforizzata;Più di due carreggiate;Asciutto;Asfaltata;Verticale ed orizzontale;Sereno;Normale;Buona;Sufficiente;1;0;0;1;12.49651;41.85842;-1;1;Autovettura privata;In marcia / fermata / arresto;Conducente;F;Illeso;0;;Non accertato;Inesploso
2152893;11;25/09/2014 20:50;Strada Urbana;VIA CRISTOFORO COLOMBO;all'intersezione con;PIAZZA ELIO RUFINO;PIAZZA ELIO RUFINO;;;Scontro frontale/laterale DX fra veicoli in marcia;Intersezione semaforizzata;Più di due carreggiate;Asciutto;Asfaltata;Verticale ed orizzontale;Sereno;Normale;Buona;Sufficiente;1;0;0;1;12.49651;41.85842;-1;2;Motociclo a solo;In marcia / fermata / arresto;Conducente;F;Rimandato;0;NON DECEDUTO;Non accertato;
2152900;9;25/09/2014 20:05;Strada Urbana;VIA PANNONIA;all'intersezione con;VIA TRACIA;VIA TRACIA;;;Infortunio per sola frenata improvvisa;Incrocio;Una carreggiata a doppio senso;Asciutto;Asfaltata;Orizzontale;Nuvoloso;Scarso;Sufficiente;Sufficiente;0;0;0;2;12.50019;41.88101;-1;1;Autovettura privata;In marcia / fermata / arresto;Conducente;F;Illeso;0;;Non accertato;Inesploso
2152900;9;25/09/2014 20:05;Strada Urbana;VIA PANNONIA;all'intersezione con;VIA TRACIA;VIA TRACIA;;;Infortunio per sola frenata improvvisa;Incrocio;Una carreggiata a doppio senso;Asciutto;Asfaltata;Orizzontale;Nuvoloso;Scarso;Sufficiente;Sufficiente;0;0;0;2;12.50019;41.88101;-1;2;Motociclo a solo;In marcia / fermata / arresto;Conducente;M;Illeso;0;;Non accertato;
2152912;11;25/09/2014 09:00;Strada Urbana;VIA DI VIGNA MURATA;in prossimità;;del civico n.;177;;Investimento di pedone;Curva a visuale libera;Due carreggiate;Asciutto;Asfaltata;Verticale ed orizzontale;Sereno;Normale;Buona;Ore Diurne;1;0;0;3;12.49634;41.8268;-1;;;;Pedone;F;Rimandato;0;NON DECEDUTO;;
2152912;11;25/09/2014 09:00;Strada Urbana;VIA DI VIGNA MURATA;in prossimità;;del civico n.;177;;Investimento di pedone;Curva a visuale libera;Due carreggiate;Asciutto;Asfaltata;Verticale ed orizzontale;Sereno;Normale;Buona;Ore Diurne;1;0;0;3;12.49634;41.8268;-1;1;Autovettura privata;In marcia / fermata / arresto;Conducente;F;Illeso;0;;Non accertato;Inesploso
2152912;11;25/09/2014 09:00;Strada Urbana;VIA DI VIGNA MURATA;in prossimità;;del civico n.;177;;Investimento di pedone;Curva a visuale libera;Due carreggiate;Asciutto;Asfaltata;Verticale ed orizzontale;Sereno;Normale;Buona;Ore Diurne;1;0;0;3;12.49634;41.8268;-1;1;Autovettura privata;In marcia / fermata / arresto;Passeggero;F;Illeso;0;;;
2152912;11;25/09/2014 09:00;Strada Urbana;VIA DI VIGNA MURATA;in prossimità;;del civico n.;177;;Investimento di pedone;Curva a visuale libera;Due carreggiate;Asciutto;Asfaltata;Verticale ed orizzontale;Sereno;Normale;Buona;Ore Diurne;1;0;0;3;12.49634;41.8268;-1;1;Autovettura privata;In marcia / fermata / arresto;Passeggero;F;Illeso;0;;;
2152914;9;26/09/2014;Strada Urbana;VIA NOLA;da specificare;;;;alt. Mura Aureliane;Scontro laterale fra veicoli in marcia;Rettilineo;Una carreggiata a doppio senso;Asciutto;Asfaltata;Orizzontale;Sereno;Normale;Buona;Sufficiente;0;0;0;3;12.51428;41.88797;-1;1;Autovettura privata;In marcia / fermata / arresto;Conducente;M;Illeso;0;;Non accertato;Inesploso
2152914;9;26/09/2014;Strada Urbana;VIA NOLA;da specificare;;;;alt. Mura Aureliane;Scontro laterale fra veicoli in marcia;Rettilineo;Una carreggiata a doppio senso;Asciutto;Asfaltata;Orizzontale;Sereno;Normale;Buona;Sufficiente;0;0;0;3;12.51428;41.88797;-1;1;Autovettura privata;In marcia / fermata / arresto;Passeggero;F;Illeso;0;;Non accertato;Inesploso
2152914;9;26/09/2014;Strada Urbana;VIA NOLA;da specificare;;;;alt. Mura Aureliane;Scontro laterale fra veicoli in marcia;Rettilineo;Una carreggiata a doppio senso;Asciutto;Asfaltata;Orizzontale;Sereno;Normale;Buona;Sufficiente;0;0;0;3;12.51428;41.88797;-1;2;Autovettura privata;In marcia / fermata / arresto;Conducente;M;Illeso;0;;Non accertato;Inesploso
2152922;11;25/09/2014 08:50;Strada Urbana;VIA CRISTOFORO COLOMBO;all'intersezione semaforizzata con;CIRCONVALLAZIONE OSTIENSE;CIRCONVALLAZIONE OSTIENSE;;;Scontro laterale fra veicoli in marcia;Intersezione semaforizzata;Più di due carreggiate;Asciutto;Asfaltata;Verticale ed orizzontale;Sereno;Normale;Buona;Ore Diurne;0;0;0;4;12.49647;41.86715;-1;1;Autovettura di polizia;In marcia / fermata / arresto;Conducente;M;Illeso;0;;Non accertato;Inesploso
2152922;11;25/09/2014 08:50;Strada Urbana;VIA CRISTOFORO COLOMBO;all'intersezione semaforizzata con;CIRCONVALLAZIONE OSTIENSE;CIRCONVALLAZIONE OSTIENSE;;;Scontro laterale fra veicoli in marcia;Intersezione semaforizzata;Più di due carreggiate;Asciutto;Asfaltata;Verticale ed orizzontale;Sereno;Normale;Buona;Ore Diurne;0;0;0;4;12.49647;41.86715;-1;1;Autovettura di polizia;In marcia / fermata / arresto;Passeggero;M;Illeso;0;;;
2152922;11;25/09/2014 08:50;Strada Urbana;VIA CRISTOFORO COLOMBO;all'intersezione semaforizzata con;CIRCONVALLAZIONE OSTIENSE;CIRCONVALLAZIONE OSTIENSE;;;Scontro laterale fra veicoli in marcia;Intersezione semaforizzata;Più di due carreggiate;Asciutto;Asfaltata;Verticale ed orizzontale;Sereno;Normale;Buona;Ore Diurne;0;0;0;4;12.49647;41.86715;-1;2;Autovettura privata;In marcia / fermata / arresto;Conducente;M;Illeso;0;;Non accertato;Inesploso
2152923;12;25/09/2014 21:35;Strada Urbana;VIALE DI VAL FIORITA;all'intersezione con;VIA CESARE FRUGONI;VIA CESARE FRUGONI;;;Scontro frontale/laterale DX fra veicoli in marcia;Intersezione stradale segnalata;Una carreggiata a doppio senso;Asciutto;Asfaltata;Verticale ed orizzontale;Nuvoloso;Scarso;Sufficiente;Sufficiente;0;0;0;3;12.46584;41.84061;-1;1;Autovettura privata;In marcia / fermata / arresto;Conducente;M;Illeso;0;;Utilizzato;Inesploso
2152923;12;25/09/2014 21:35;Strada Urbana;VIALE DI VAL FIORITA;all'intersezione con;VIA CESARE FRUGONI;VIA CESARE FRUGONI;;;Scontro frontale/laterale DX fra veicoli in marcia;Intersezione stradale segnalata;Una carreggiata a doppio senso;Asciutto;Asfaltata;Verticale ed orizzontale;Nuvoloso;Scarso;Sufficiente;Sufficiente;0;0;0;3;12.46584;41.84061;-1;2;Autovettura di polizia;In marcia / fermata / arresto;Conducente;M;Illeso;0;;Utilizzato;Inesploso
2152923;12;25/09/2014 21:35;Strada Urbana;VIALE DI VAL FIORITA;all'intersezione con;VIA CESARE FRUGONI;VIA CESARE FRUGONI;;;Scontro frontale/laterale DX fra veicoli in marcia;Intersezione stradale segnalata;Una carreggiata a doppio senso;Asciutto;Asfaltata;Verticale ed orizzontale;Nuvoloso;Scarso;Sufficiente;Sufficiente;0;0;0;3;12.46584;41.84061;-1;2;Autovettura di polizia;In marcia / fermata / arresto;Passeggero;M;Illeso;0;;Utilizzato;Inesploso
2152926;5;25/09/2014 06:35;Strada Urbana;VIA TIBURTINA;da specificare;;;;all'intersezione con via Tivoli;Tamponamento;Rettilineo;Una carreggiata a doppio senso;Bagnato (pioggia);Asfaltata;Temporanea di cantiere;Nuvoloso;Normale;Buona;Ore Diurne;0;0;0;2;12.59014;41.93301;-1;1;Motociclo a solo;In marcia / fermata / arresto;Conducente;M;Illeso;0;;Non accertato;
2152926;5;25/09/2014 06:35;Strada Urbana;VIA TIBURTINA;da specificare;;;;all'intersezione con via Tivoli;Tamponamento;Rettilineo;Una carreggiata a doppio senso;Bagnato (pioggia);Asfaltata;Temporanea di cantiere;Nuvoloso;Normale;Buona;Ore Diurne;0;0;0;2;12.59014;41.93301;-1;2;Autovettura privata;In marcia / fermata / arresto;Conducente;M;Illeso;0;;Non accertato;Inesploso
2152930;15;26/09/2014 06:10;Strada Urbana;VIA DELLA MAGLIANA;da specificare;;;;alt. rampa accesso viadotto magliana dir. eur;Scontro laterale fra veicoli in marcia;Rettilineo;Una carreggiata a senso unico di marcia;Asciutto;Asfaltata;Orizzontale;Sereno;Scarso;Buona;Sufficiente;0;0;0;3;12.41962;41.83176;-1;1;Autocarro superiore 35 q.;In marcia / fermata / arresto;Conducente;M;Illeso;0;;;Inesistente
2152930;15;26/09/2014 06:10;Strada Urbana;VIA DELLA MAGLIANA;da specificare;;;;alt. rampa accesso viadotto magliana dir. eur;Scontro laterale fra veicoli in marcia;Rettilineo;Una carreggiata a senso unico di marcia;Asciutto;Asfaltata;Orizzontale;Sereno;Scarso;Buona;Sufficiente;0;0;0;3;12.41962;41.83176;-1;2;Autovettura privata;In marcia / fermata / arresto;Conducente;M;Illeso;0;;Utilizzato;Inesploso
2152930;15;26/09/2014 06:10;Strada Urbana;VIA DELLA MAGLIANA;da specificare;;;;alt. rampa accesso viadotto magliana dir. eur;Scontro laterale fra veicoli in marcia;Rettilineo;Una carreggiata a senso unico di marcia;Asciutto;Asfaltata;Orizzontale;Sereno;Scarso;Buona;Sufficiente;0;0;0;3;12.41962;41.83176;-1;2;Autovettura privata;In marcia / fermata / arresto;Passeggero;F;Illeso;0;;Utilizzato;Inesploso
2152932;5;25/09/2014 08:05;Strada Urbana;VIALE PALMIRO TOGLIATTI;da specificare;;;;direzione Prenestina alt. inversione di marcia/A24;Tamponamento;Rettilineo;Due carreggiate;Asciutto;Asfaltata;Verticale ed orizzontale;Sereno;Normale;Buona;Ore Diurne;0;0;0;2;12.57311;41.90628;-1;1;Autovettura privata;In marcia / fermata / arresto;Conducente;M;Illeso;0;;Non accertato;
2152932;5;25/09/2014 08:05;Strada Urbana;VIALE PALMIRO TOGLIATTI;da specificare;;;;direzione Prenestina alt. inversione di marcia/A24;Tamponamento;Rettilineo;Due carreggiate;Asciutto;Asfaltata;Verticale ed orizzontale;Sereno;Normale;Buona;Ore Diurne;0;0;0;2;12.57311;41.90628;-1;2;Autovettura privata;In marcia / fermata / arresto;Conducente;M;Illeso;0;;Non accertato;
2152935;8;25/09/2014 11:45;Strada Urbana;VIALE DELLA SORBONA;da specificare;;;;in prossimità sottovia GRA dir. V. FOSSO S. MAURA;Veicolo in marcia contro ostacolo fisso;Curva a visuale libera;Due carreggiate;Bagnato (pioggia);Sterrata;Orizzontale;Pioggia in atto;Scarso;Buona;Ore Diurne;0;0;0;1;12.61206;41.85464;-1;1;Autovettura privata;In marcia / fermata / arresto;Conducente;M;Illeso;0;;Non accertato;Inesploso
2152937;5;25/09/2014 22:40;Strada Urbana;VIA DEI MONTI TIBURTINI;in corrispondenza;;del civico n.;576;;Scontro laterale fra veicoli in marcia;Rettilineo;Due carreggiate;Asciutto;Asfaltata;Verticale ed orizzontale;Sereno;Normale;Buona;Sufficiente;1;0;0;1;12.54781;41.91547;-1;1;Motociclo a solo;In marcia / fermata / arresto;Conducente;M;Rimandato;0;NON DECEDUTO;Non accertato;
2152937;5;25/09/2014 22:40;Strada Urbana;VIA DEI MONTI TIBURTINI;in corrispondenza;;del civico n.;576;;Scontro laterale fra veicoli in marcia;Rettilineo;Due carreggiate;Asciutto;Asfaltata;Verticale ed orizzontale;Sereno;Normale;Buona;Sufficiente;1;0;0;1;12.54781;41.91547;-1;2;Autovettura privata;In marcia / fermata / arresto;Conducente;M;Illeso;0;;Non accertato;
2152939;8;25/09/2014 12:20;Statale entro l'abitato;VIA CASILINA;da specificare;;;;alt. via carlo santarelli;Tamponamento Multiplo;Rettilineo;Una carreggiata a doppio senso;Bagnato (umidità in atto);Asfaltata;Verticale ed orizzontale;Pioggia in atto;Intenso;Sufficiente;Ore Diurne;2;0;0;3;12.52709;41.88875;-1;1;Autovettura privata;In marcia / fermata / arresto;Conducente;M;Illeso;0;;Non accertato;Inesploso
2152939;8;25/09/2014 12:20;Statale entro l'abitato;VIA CASILINA;da specificare;;;;alt. via carlo santarelli;Tamponamento Multiplo;Rettilineo;Una carreggiata a doppio senso;Bagnato (umidità in atto);Asfaltata;Verticale ed orizzontale;Pioggia in atto;Intenso;Sufficiente;Ore Diurne;2;0;0;3;12.52709;41.88875;-1;1;Autovettura privata;In marcia / fermata / arresto;Passeggero;F;Rimandato;0;NON DECEDUTO;Non accertato;Inesploso
2152939;8;25/09/2014 12:20;Statale entro l'abitato;VIA CASILINA;da specificare;;;;alt. via carlo santarelli;Tamponamento Multiplo;Rettilineo;Una carreggiata a doppio senso;Bagnato (umidità in atto);Asfaltata;Verticale ed orizzontale;Pioggia in atto;Intenso;Sufficiente;Ore Diurne;2;0;0;3;12.52709;41.88875;-1;1;Autovettura privata;In marcia / fermata / arresto;Passeggero;F;Rimandato;0;NON DECEDUTO;Non accertato;Inesploso
2152939;8;25/09/2014 12:20;Statale entro l'abitato;VIA CASILINA;da specificare;;;;alt. via carlo santarelli;Tamponamento Multiplo;Rettilineo;Una carreggiata a doppio senso;Bagnato (umidità in atto);Asfaltata;Verticale ed orizzontale;Pioggia in atto;Intenso;Sufficiente;Ore Diurne;2;0;0;3;12.52709;41.88875;-1;2;Autovettura privata;In marcia / fermata / arresto;Conducente;M;Illeso;0;;Non accertato;Inesploso
2152939;8;25/09/2014 12:20;Statale entro l'abitato;VIA CASILINA;da specificare;;;;alt. via carlo santarelli;Tamponamento Multiplo;Rettilineo;Una carreggiata a doppio senso;Bagnato (umidità in atto);Asfaltata;Verticale ed orizzontale;Pioggia in atto;Intenso;Sufficiente;Ore Diurne;2;0;0;3;12.52709;41.88875;-1;2;Autovettura privata;In marcia / fermata / arresto;Passeggero;F;Illeso;0;;Non accertato;Inesploso
2152941;11;25/09/2014 17:35;Strada Urbana;VIA DELL'ALMONE;in corrispondenza;;del civico n.;105;;Scontro laterale fra veicoli in marcia;Rettilineo;Una carreggiata a doppio senso;Asciutto;Asfaltata;Verticale ed orizzontale;Nuvoloso;Normale;Buona;Ore Diurne;0;0;0;3;12.53088;41.85535;-1;1;Autovettura privata;In marcia / fermata / arresto;Conducente;M;Illeso;0;;Non accertato;Inesploso
2152941;11;25/09/2014 17:35;Strada Urbana;VIA DELL'ALMONE;in corrispondenza;;del civico n.;105;;Scontro laterale fra veicoli in marcia;Rettilineo;Una carreggiata a doppio senso;Asciutto;Asfaltata;Verticale ed orizzontale;Nuvoloso;Normale;Buona;Ore Diurne;0;0;0;3;12.53088;41.85535;-1;2;Autovettura privata;In marcia / fermata / arresto;Conducente;M;Illeso;0;;Non accertato;Inesploso
2152941;11;25/09/2014 17:35;Strada Urbana;VIA DELL'ALMONE;in corrispondenza;;del civico n.;105;;Scontro laterale fra veicoli in marcia;Rettilineo;Una carreggiata a doppio senso;Asciutto;Asfaltata;Verticale ed orizzontale;Nuvoloso;Normale;Buona;Ore Diurne;0;0;0;3;12.53088;41.85535;-1;2;Autovettura privata;In marcia / fermata / arresto;Passeggero;F;Illeso;0;;Non accertato;
2152943;16;25/09/2014 08:10;Strada Urbana;LARGO GUGLIELMO BILANCIONI;all'intersezione con;VIA PIO FOA';VIA PIO FOA';;;Scontro frontale/laterale DX fra veicoli in marcia;Rotatoria;Due carreggiate;Bagnato (umidità in atto);Asfaltata;Verticale ed orizzontale;Sereno;Normale;Buona;Ore Diurne;1;0;0;1;12.49637;41.90278;-1;1;Motociclo a solo;In marcia / fermata / arresto;Conducente;M;Rimandato;0;NON DECEDUTO;Non accertato;
2152943;16;25/09/2014 08:10;Strada Urbana;LARGO GUGLIELMO BILANCIONI;all'intersezione con;VIA PIO FOA';VIA PIO FOA';;;Scontro frontale/laterale DX fra veicoli in marcia;Rotatoria;Due carreggiate;Bagnato (umidità in atto);Asfaltata;Verticale ed orizzontale;Sereno;Normale;Buona;Ore Diurne;1;0;0;1;12.49637;41.90278;-1;2;Autovettura privata;In marcia / fermata / arresto;Conducente;F;Illeso;0;;Non accertato;
2152944;8;25/09/2014 18:20;Provinciale entro l'abitato;VIA POLENSE;in prossimità;;del civico n.;141;;Veicolo in marcia contro ostacolo accidentale;Rettilineo;Una carreggiata a doppio senso;Asciutto;Con buche;Verticale ed orizzontale;Nuvoloso;Normale;Buona;Ore Diurne;0;0;0;2;12.7037;41.89637;-1;1;Autovettura privata;In marcia / fermata / arresto;Conducente;M;Illeso;0;;Non accertato;Inesploso
2152944;8;25/09/2014 18:20;Provinciale entro l'abitato;VIA POLENSE;in prossimità;;del civico n.;141;;Veicolo in marcia contro ostacolo accidentale;Rettilineo;Una carreggiata a doppio senso;Asciutto;Con buche;Verticale ed orizzontale;Nuvoloso;Normale;Buona;Ore Diurne;0;0;0;2;12.7037;41.89637;-1;1;Autovettura privata;In marcia / fermata / arresto;Passeggero;M;Illeso;0;;Non accertato;Inesploso
2152945;8;25/09/2014 17:00;Provinciale entro l'abitato;VIA POLENSE;da specificare;;;;tratto tra v. Roseto Abruzzi e Via V. Castiglione;Veicolo in marcia contro ostacolo accidentale;Rettilineo;Una carreggiata a doppio senso;Asciutto;Asfaltata;Verticale ed orizzontale;Nuvoloso;Normale;Buona;Ore Diurne;0;0;0;1;12.70292;41.89532;-1;1;Autovettura privata;In marcia / fermata / arresto;Conducente;M;Illeso;0;;Non accertato;Inesploso
2152949;8;25/09/2014 12:50;Strada Urbana;VIA DELLA RISERVA NUOVA;da specificare;;;;fronte Via Popoli;Veicolo in marcia contro veicolo in sosta;Rettilineo;Una carreggiata a doppio senso;Asciutto;Asfaltata;Verticale ed orizzontale;Nuvoloso;Normale;Buona;Ore Diurne;0;0;0;1;12.67955;41.89498;-1;1;Autocarro inferiore 35 q.;In marcia / fermata / arresto;Conducente;M;Illeso;0;;Non accertato;Inesploso
2152950;8;25/09/2014 17:45;Strada Urbana;VIA WALTER TOBAGI;all'intersezione con;VIA DEL PETTIROSSO;VIA DEL PETTIROSSO;;;Scontro laterale fra veicoli in marcia;Incrocio;Una carreggiata a senso unico di marcia;Asciutto;Asfaltata;Verticale ed orizzontale;Sereno;Scarso;Buona;Ore Diurne;0;0;0;2;12.59681;41.87616;-1;1;Autobus in extraurbana;In marcia / fermata / arresto;Conducente;M;Illeso;0;;Non accertato;Inesploso
2152950;8;25/09/2014 17:45;Strada Urbana;VIA WALTER TOBAGI;all'intersezione con;VIA DEL PETTIROSSO;VIA DEL PETTIROSSO;;;Scontro laterale fra veicoli in marcia;Incrocio;Una carreggiata a senso unico di marcia;Asciutto;Asfaltata;Verticale ed orizzontale;Sereno;Scarso;Buona;Ore Diurne;0;0;0;2;12.59681;41.87616;-1;2;Autovettura privata;In marcia / fermata / arresto;Conducente;F;Illeso;0;;Non accertato;Inesploso