Protocollo;Gruppo;DataOraIncidente;Localizzazione1;STRADA1;Localizzazione2;STRADA2;Strada02;Chilometrica;DaSpecificare;NaturaIncidente;particolaritastrade;TipoStrada;FondoStradale;Pavimentazione;Segnaletica;CondizioneAtmosferica;Traffico;Visibilita;Illuminazione;NUM_FERITI;NUM_RISERVATA;NUM_MORTI;NUM_ILLESI;Longitudine;Latitudine;Confermato;Progressivo;TipoVeicolo;StatoVeicolo;TipoPersona;Sesso;Tipolesione;Deceduto;DecedutoDopo;CinturaCascoUtilizzato;Airbag
2155301;5;28/09/2014 19:00;Strada Urbana;VIA TIBURTINA;in corrispondenza;;del civico n.;950;;Scontro laterale fra veicoli in marcia;Rettilineo;Due carreggiate;Asciutto;Asfaltata;Verticale ed orizzontale;Sereno;Normale;Buona;Sufficiente;0;0;0;3;12.57239;41.92479;-1;1;Autovettura privata;In marcia / fermata / arresto;Passeggero;F;Illeso;0;;Non accertato;
2155301;5;28/09/2014 19:00;Strada Urbana;VIA TIBURTINA;in corrispondenza;;del civico n.;950;;Scontro laterale fra veicoli in marcia;Rettilineo;Due carreggiate;Asciutto;Asfaltata;Verticale ed orizzontale;Sereno;Normale;Buona;Sufficiente;0;0;0;3;12.57239;41.92479;-1;2;Autovettura privata;In marcia / fermata / arresto;Conducente;F;Illeso;0;;Non accertato;
2155302;18;27/09/2014 08:50;Strada Urbana;VIA AURELIA;all'intersezione semaforizzata con;VIA NICOLA COVIELLO;VIA NICOLA COVIELLO;;;Scontro laterale fra veicoli in marcia;Intersezione semaforizzata;Più di due carreggiate;Asciutto;Asfaltata;Verticale ed orizzontale;Sereno;Normale;Buona;Ore Diurne;1;0;0;1;12.41278;41.89102;-1;1;Autocarro inferiore 35 q.;In marcia / fermata / arresto;Conducente;M;Illeso;0;;Non accertato;Inesploso
2155302;18;27/09/2014 08:50;Strada Urbana;VIA AURELIA;all'intersezione semaforizzata con;VIA NICOLA COVIELLO;VIA NICOLA COVIELLO;;;Scontro laterale fra veicoli in marcia;Intersezione semaforizzata;Più di due carreggiate;Asciutto;Asfaltata;Verticale ed orizzontale;Sereno;Normale;Buona;Ore Diurne;1;0;0;1;12.41278;41.89102;-1;2;Autovettura privata;In marcia / fermata / arresto;Conducente;M;Rimandato;0;NON DECEDUTO;Utilizzato;Inesploso
2155326;5;28/09/2014 19:50;Strada Urbana;VIA TIBURTINA;da specificare;;;;prossimità cavalcavia di Ponte Mammolo direz. GRA;Veicolo in marcia contro ostacolo accidentale;Cavalcavia;Una carreggiata a senso unico di marcia;Asciutto;Asfaltata;Orizzontale;Sereno;Normale;Buona;Sufficiente;0;0;0;3;12.56801;41.92271;-1;1;Autovettura privata;In marcia / fermata / arresto;Conducente;M;Illeso;0;;Non accertato;Inesistente
2155326;5;28/09/2014 19:50;Strada Urbana;VIA TIBURTINA;da specificare;;;;prossimità cavalcavia di Ponte Mammolo direz. GRA;Veicolo in marcia contro ostacolo accidentale;Cavalcavia;Una carreggiata a senso unico di marcia;Asciutto;Asfaltata;Orizzontale;Sereno;Normale;Buona;Sufficiente;0;0;0;3;12.56801;41.92271;-1;2;Autovettura privata;In marcia / fermata / arresto;Conducente;F;Illeso;0;;Non accertato;Inesistente
2155326;5;28/09/2014 19:50;Strada Urbana;VIA TIBURTINA;da specificare;;;;prossimità cavalcavia di Ponte Mammolo direz. GRA;Veicolo in marcia contro ostacolo accidentale;Cavalcavia;Una carreggiata a senso unico di marcia;Asciutto;Asfaltata;Orizzontale;Sereno;Normale;Buona;Sufficiente;0;0;0;3;12.56801;41.92271;-1;2;Autovettura privata;In marcia / fermata / arresto;Passeggero;M;Illeso;0;;Non accertato;Inesistente
2155340;20;29/09/2014 08:20;Strada Urbana;VIA DEL FORO ITALICO;da specificare;;;;dir. Stadio a 50 mt. da rampa C.so di Francia;Scontro laterale fra veicoli in marcia;Rettilineo;Due carreggiate;Asciutto;Asfaltata;Orizzontale;Sereno;Intenso;Buona;Ore Diurne;0;0;0;3;12.47211;41.94064;-1;1;Autovettura privata;In marcia / fermata / arresto;Conducente;M;Illeso;0;;Non accertato;Inesploso
2155340;20;29/09/2014 08:20;Strada Urbana;VIA DEL FORO ITALICO;da specificare;;;;dir. Stadio a 50 mt. da rampa C.so di Francia;Scontro laterale fra veicoli in marcia;Rettilineo;Due carreggiate;Asciutto;Asfaltata;Orizzontale;Sereno;Intenso;Buona;Ore Diurne;0;0;0;3;12.47211;41.94064;-1;1;Autovettura privata;In marcia / fermata / arresto;Passeggero;M;Illeso;0;;Non accertato;Inesploso
2155340;20;29/09/2014 08:20;Strada Urbana;VIA DEL FORO ITALICO;da specificare;;;;dir. Stadio a 50 mt. da rampa C.so di Francia;Scontro laterale fra veicoli in marcia;Rettilineo;Due carreggiate;Asciutto;Asfaltata;Orizzontale;Sereno;Intenso;Buona;Ore Diurne;0;0;0;3;12.47211;41.94064;-1;2;Motociclo a solo;In marcia / fermata / arresto;Conducente;M;Illeso;0;;Non accertato;
2155343;5;28/09/2014 22:25;Strada Urbana;VIA NOMENTANA;all'intersezione con;VIA DELLA CESARINA;VIA DELLA CESARINA;;;Scontro frontale/laterale DX fra veicoli in marcia;Intersezione non regolata/non segnalata;Una carreggiata a doppio senso;Asciutto;Asfaltata;Verticale ed orizzontale;Sereno;Scarso;Insufficiente;Insufficiente;0;0;0;2;12.58396;41.95848;-1;1;Autocarro inferiore 35 q.;In marcia / fermata / arresto;Conducente;M;Illeso;0;;Non accertato;Inesistente
2155343;5;28/09/2014 22:25;Strada Urbana;VIA NOMENTANA;all'intersezione con;VIA DELLA CESARINA;VIA DELLA CESARINA;;;Scontro frontale/laterale DX fra veicoli in marcia;Intersezione non regolata/non segnalata;Una carreggiata a doppio senso;Asciutto;Asfaltata;Verticale ed orizzontale;Sereno;Scarso;Insufficiente;Insufficiente;0;0;0;2;12.58396;41.95848;-1;2;Autovettura privata;In marcia / fermata / arresto;Conducente;F;Illeso;0;;Non accertato;Inesistente
2155353;20;28/09/2014 16:30;Strada Urbana;VIA GALLESE;all'intersezione con;VIA ISCHIA DI CASTRO;VIA ISCHIA DI CASTRO;;;Scontro frontale fra veicoli in marcia;Intersezione stradale segnalata;Una carreggiata a doppio senso;Asciutto;Asfaltata;Orizzontale;Sereno;Normale;Buona;Ore Diurne;0;0;0;3;12.44793;41.96876;-1;1;Autovettura privata;In marcia / fermata / arresto;Conducente;M;Illeso;0;;;
2155353;20;28/09/2014 16:30;Strada Urbana;VIA GALLESE;all'intersezione con;VIA ISCHIA DI CASTRO;VIA ISCHIA DI CASTRO;;;Scontro frontale fra veicoli in marcia;Intersezione stradale segnalata;Una carreggiata a doppio senso;Asciutto;Asfaltata;Orizzontale;Sereno;Normale;Buona;Ore Diurne;0;0;0;3;12.44793;41.96876;-1;2;Autovettura privata;In marcia / fermata / arresto;Conducente;M;Illeso;0;;;Inesploso
2155353;20;28/09/2014 16:30;Strada Urbana;VIA GALLESE;all'intersezione con;VIA ISCHIA DI CASTRO;VIA ISCHIA DI CASTRO;;;Scontro frontale fra veicoli in marcia;Intersezione stradale segnalata;Una carreggiata a doppio senso;Asciutto;Asfaltata;Orizzontale;Sereno;Normale;Buona;Ore Diurne;0;0;0;3;12.44793;41.96876;-1;2;Autovettura privata;In marcia / fermata / arresto;Passeggero;F;Illeso;0;;;
2155358;18;26/09/2014 11:20;Strada Urbana;VIA FRAMURA;in corrispondenza;;del civico n.;55;;Veicolo in marcia contro veicoli in sosta;Pendenza;Una carreggiata a doppio senso;Asciutto;Asfaltata;Assente;Sereno;Scarso;Buona;Ore Diurne;1;0;0;0;12.40409;41.91015;-1;1;Autovettura privata;In marcia / fermata / arresto;Conducente;M;Rimandato;0;NON DECEDUTO;Non accertato;Inesploso
2155366;17;27/09/2014 20:25;Strada Urbana;VIA AURELIA;in prossimità;;del civico n.;275;;Investimento di pedone;Curva a visuale libera;Una carreggiata a doppio senso;Asciutto;Asfaltata;Verticale ed orizzontale;Sereno;Normale;Insufficiente;Insufficiente;2;0;0;0;12.43868;41.89825;-1;;;;Pedone;M;Rimandato;0;NON DECEDUTO;;
2155366;17;27/09/2014 20:25;Strada Urbana;VIA AURELIA;in prossimità;;del civico n.;275;;Investimento di pedone;Curva a visuale libera;Una carreggiata a doppio senso;Asciutto;Asfaltata;Verticale ed orizzontale;Sereno;Normale;Insufficiente;Insufficiente;2;0;0;0;12.43868;41.89825;-1;1;Motociclo a solo;In marcia / fermata / arresto;Conducente;M;Rimandato;0;NON DECEDUTO;;
2155373;2;27/09/2014 21:00;Strada Urbana;VIA DEL FORO ITALICO;da specificare;;;;alt. v.le della Moschea dir. S. Giovanni.;Scontro laterale fra veicoli in marcia;Rettilineo;Due carreggiate;Asciutto;Asfaltata;Verticale ed orizzontale;Sereno;Intenso;Sufficiente;Sufficiente;1;0;0;3;12.49671;41.94036;-1;1;Autovettura privata;In marcia / fermata / arresto;Conducente;M;Illeso;0;;;
2155373;2;27/09/2014 21:00;Strada Urbana;VIA DEL FORO ITALICO;da specificare;;;;alt. v.le della Moschea dir. S. Giovanni.;Scontro laterale fra veicoli in marcia;Rettilineo;Due carreggiate;Asciutto;Asfaltata;Verticale ed orizzontale;Sereno;Intenso;Sufficiente;Sufficiente;1;0;0;3;12.49671;41.94036;-1;1;Autovettura privata;In marcia / fermata / arresto;Passeggero;F;Illeso;0;;;
2155373;2;27/09/2014 21:00;Strada Urbana;VIA DEL FORO ITALICO;da specificare;;;;alt. v.le della Moschea dir. S. Giovanni.;Scontro laterale fra veicoli in marcia;Rettilineo;Due carreggiate;Asciutto;Asfaltata;Verticale ed orizzontale;Sereno;Intenso;Sufficiente;Sufficiente;1;0;0;3;12.49671;41.94036;-1;2;Autovettura privata;In marcia / fermata / arresto;Conducente;F;Rifiuta cure immediate;0;NON DECEDUTO;;
2155373;2;27/09/2014 21:00;Strada Urbana;VIA DEL FORO ITALICO;da specificare;;;;alt. v.le della Moschea dir. S. Giovanni.;Scontro laterale fra veicoli in marcia;Rettilineo;Due carreggiate;Asciutto;Asfaltata;Verticale ed orizzontale;Sereno;Intenso;Sufficiente;Sufficiente;1;0;0;3;12.49671;41.94036;-1;3;Autovettura privata;In marcia / fermata / arresto;Conducente;M;Illeso;0;;;
2155377;6;28/09/2014 16:30;Strada Urbana;VIA CASILINA;in corrispondenza;;del civico n.;713;;Tamponamento;Rettilineo;Più di due carreggiate;Asciutto;Asfaltata;Verticale;Sereno;Normale;Buona;Ore Diurne;2;0;0;0;12.55333;41.87685;-1;1;Autovettura pubblica;In marcia / fermata / arresto;Conducente;M;Rimandato;0;NON DECEDUTO;Non accertato;Inesploso
2155377;6;28/09/2014 16:30;Strada Urbana;VIA CASILINA;in corrispondenza;;del civico n.;713;;Tamponamento;Rettilineo;Più di due carreggiate;Asciutto;Asfaltata;Verticale;Sereno;Normale;Buona;Ore Diurne;2;0;0;0;12.55333;41.87685;-1;1;Autovettura pubblica;In marcia / fermata / arresto;Passeggero;F;Rifiuta cure immediate;0;NON DECEDUTO;Non accertato;Inesploso
2155383;16;27/09/2014 10:40;Strada Urbana;PIAZZA CARLO ALBERTO SCOTTI;all'intersezione con;VIA GIOVANNI DE CALVI;VIA GIOVANNI DE CALVI;;;Veicolo in marcia contro veicolo fermo;Rotatoria;Una carreggiata a doppio senso;Asciutto;Asfaltata;Verticale ed orizzontale;Sereno;Normale;Buona;Ore Diurne;0;0;0;6;12.44596;41.86954;-1;1;Autovettura privata;In marcia / fermata / arresto;Conducente;M;Illeso;0;;Non accertato;Inesploso
2155383;16;27/09/2014 10:40;Strada Urbana;PIAZZA CARLO ALBERTO SCOTTI;all'intersezione con;VIA GIOVANNI DE CALVI;VIA GIOVANNI DE CALVI;;;Veicolo in marcia contro veicolo fermo;Rotatoria;Una carreggiata a doppio senso;Asciutto;Asfaltata;Verticale ed orizzontale;Sereno;Normale;Buona;Ore Diurne;0;0;0;6;12.44596;41.86954;-1;1;Autovettura privata;In marcia / fermata / arresto;Passeggero;M;Illeso;0;;Non accertato;Inesploso
2155383;16;27/09/2014 10:40;Strada Urbana;PIAZZA CARLO ALBERTO SCOTTI;all'intersezione con;VIA GIOVANNI DE CALVI;VIA GIOVANNI DE CALVI;;;Veicolo in marcia contro veicolo fermo;Rotatoria;Una carreggiata a doppio senso;Asciutto;Asfaltata;Verticale ed orizzontale;Sereno;Normale;Buona;Ore Diurne;0;0;0;6;12.44596;41.86954;-1;1;Autovettura privata;In marcia / fermata / arresto;Passeggero;M;Illeso;0;;Non accertato;Inesploso
2155383;16;27/09/2014 10:40;Strada Urbana;PIAZZA CARLO ALBERTO SCOTTI;all'intersezione con;VIA GIOVANNI DE CALVI;VIA GIOVANNI DE CALVI;;;Veicolo in marcia contro veicolo fermo;Rotatoria;Una carreggiata a doppio senso;Asciutto;Asfaltata;Verticale ed orizzontale;Sereno;Normale;Buona;Ore Diurne;0;0;0;6;12.44596;41.86954;-1;2;Autovettura privata;In marcia / fermata / arresto;Conducente;M;Illeso;0;;Non accertato;Inesploso
2155383;16;27/09/2014 10:40;Strada Urbana;PIAZZA CARLO ALBERTO SCOTTI;all'intersezione con;VIA GIOVANNI DE CALVI;VIA GIOVANNI DE CALVI;;;Veicolo in marcia contro veicolo fermo;Rotatoria;Una carreggiata a doppio senso;Asciutto;Asfaltata;Verticale ed orizzontale;Sereno;Normale;Buona;Ore Diurne;0;0;0;6;12.44596;41.86954;-1;2;Autovettura privata;In marcia / fermata / arresto;Passeggero;F;Illeso;0;;Non accertato;Inesploso
2155383;16;27/09/2014 10:40;Strada Urbana;PIAZZA CARLO ALBERTO SCOTTI;all'intersezione con;VIA GIOVANNI DE CALVI;VIA GIOVANNI DE CALVI;;;Veicolo in marcia contro veicolo fermo;Rotatoria;Una carreggiata a doppio senso;Asciutto;Asfaltata;Verticale ed orizzontale;Sereno;Normale;Buona;Ore Diurne;0;0;0;6;12.44596;41.86954;-1;2;Autovettura privata;In marcia / fermata / arresto;Passeggero;M;Illeso;0;;Non accertato;Inesploso
2155388;17;28/09/2014 03:15;Strada Urbana;VIA DELLA GIULIANA;in prossimità;;del civico n.;26;;Veicolo in marcia contro veicoli in sosta;Rettilineo;Una carreggiata a doppio senso;Asciutto;Asfaltata;Verticale ed orizzontale;Sereno;Scarso;Buona;Sufficiente;0;0;0;1;12.45468;41.91156;-1;1;Motociclo con passeggero;In marcia / fermata / arresto;Conducente;M;Illeso;0;;Non accertato;Inesistente
2155389;12;26/09/2014 21:45;Strada Urbana;VIALE DEGLI EROI DI CEFALONIA;all'intersezione con;VIALE DEI CADUTI NELLA GUERRA DI LIBERAZIONE;VIALE DEI CADUTI NELLA GUERRA DI LIBERAZIONE;;;Veicolo in marcia contro ostacolo fisso;Intersezione stradale segnalata;Una carreggiata a senso unico di marcia;Asciutto;Asfaltata;Verticale ed orizzontale;Sereno;Scarso;Sufficiente;Sufficiente;0;0;0;4;12.44063;41.77933;-1;1;Autovettura privata;In marcia / fermata / arresto;Conducente;M;Illeso;0;;Utilizzato;Inesploso
2155389;12;26/09/2014 21:45;Strada Urbana;VIALE DEGLI EROI DI CEFALONIA;all'intersezione con;VIALE DEI CADUTI NELLA GUERRA DI LIBERAZIONE;VIALE DEI CADUTI NELLA GUERRA DI LIBERAZIONE;;;Veicolo in marcia contro ostacolo fisso;Intersezione stradale segnalata;Una carreggiata a senso unico di marcia;Asciutto;Asfaltata;Verticale ed orizzontale;Sereno;Scarso;Sufficiente;Sufficiente;0;0;0;4;12.44063;41.77933;-1;1;Autovettura privata;In marcia / fermata / arresto;Passeggero;M;Illeso;0;;Utilizzato;Inesploso
2155395;3;26/09/2014 09:30;Strada Urbana;VIA TIBURTINA;in prossimità;;del civico n.;257;;Infortunio per caduta del veicolo;Rettilineo;Più di due carreggiate;Asciutto;Asfaltata;Verticale ed orizzontale;Sereno;Normale;Buona;Ore Diurne;1;0;0;0;12.51709;41.89987;-1;1;Velocipede;In marcia / fermata / arresto;Conducente;M;Rifiuta cure immediate;0;NON DECEDUTO;Esente;
2155398;6;28/09/2014 15:15;Strada Urbana;VIA PRENESTINA;in corrispondenza;;del civico n.;173;;Veicolo in marcia contro veicolo fermo;Rettilineo;Due carreggiate;Asciutto;Asfaltata;Verticale;Sereno;Normale;Buona;Ore Diurne;2;0;0;1;12.53611;41.89248;-1;1;Autovettura privata;In marcia / fermata / arresto;Conducente;F;Illeso;0;;Non accertato;
2155398;6;28/09/2014 15:15;Strada Urbana;VIA PRENESTINA;in corrispondenza;;del civico n.;173;;Veicolo in marcia contro veicolo fermo;Rettilineo;Due carreggiate;Asciutto;Asfaltata;Verticale;Sereno;Normale;Buona;Ore Diurne;2;0;0;1;12.53611;41.89248;-1;2;Motociclo con passeggero;In marcia / fermata / arresto;Conducente;M;Rimandato;0;NON DECEDUTO;Non accertato;
2155398;6;28/09/2014 15:15;Strada Urbana;VIA PRENESTINA;in corrispondenza;;del civico n.;173;;Veicolo in marcia contro veicolo fermo;Rettilineo;Due carreggiate;Asciutto;Asfaltata;Verticale;Sereno;Normale;Buona;Ore Diurne;2;0;0;1;12.53611;41.89248;-1;2;Motociclo con passeggero;In marcia / fermata / arresto;Passeggero;F;Rimandato;0;NON DECEDUTO;Non accertato;
2155399;3;26/09/2014 14:30;Strada Urbana;PIAZZALE DI PORTA PIA;da specificare;;;;altezza monumento;Scontro laterale fra veicoli in marcia;Rettilineo;Due carreggiate;Asciutto;Asfaltata;Verticale ed orizzontale;Sereno;Normale;Buona;Ore Diurne;0;0;0;2;12.50156;41.90966;-1;1;Autobus di linea;In marcia / fermata / arresto;Conducente;M;Illeso;0;;Utilizzato;Inesploso
2155399;3;26/09/2014 14:30;Strada Urbana;PIAZZALE DI PORTA PIA;da specificare;;;;altezza monumento;Scontro laterale fra veicoli in marcia;Rettilineo;Due carreggiate;Asciutto;Asfaltata;Verticale ed orizzontale;Sereno;Normale;Buona;Ore Diurne;0;0;0;2;12.50156;41.90966;-1;2;Autovettura privata;In marcia / fermata / arresto;Conducente;M;Illeso;0;;Non accertato;Inesploso
2155401;19;27/09/2014 12:00;Strada Urbana;VIA DI CASAL DEL MARMO;in prossimità;;del civico n.;496 f;;Veicolo in marcia contro veicoli in sosta;Curva a visuale libera;Una carreggiata a doppio senso;Asciutto;Asfaltata;Orizzontale;Sereno;Scarso;Buona;Ore Diurne;1;0;0;1;12.38901;41.94219;-1;1;Autovettura privata;In marcia / fermata / arresto;Conducente;M;Rifiuta cure immediate;0;NON DECEDUTO;Non accertato;Inesploso
2155401;19;27/09/2014 12:00;Strada Urbana;VIA DI CASAL DEL MARMO;in prossimità;;del civico n.;496 f;;Veicolo in marcia contro veicoli in sosta;Curva a visuale libera;Una carreggiata a doppio senso;Asciutto;Asfaltata;Orizzontale;Sereno;Scarso;Buona;Ore Diurne;1;0;0;1;12.38901;41.94219;-1;1;Autovettura privata;In marcia / fermata / arresto;Passeggero;F;Illeso;0;;Non accertato;Inesploso
2155403;12;29/09/2014 08:25;Strada Urbana;PIAZZA AZOLINO HAZON;da specificare;;;;Rotatoria altezza via Sansotta;Scontro laterale fra veicoli in marcia;Rotatoria;Una carreggiata a senso unico di marcia;Asciutto;Asfaltata;Verticale ed orizzontale;Sereno;Normale;Buona;Ore Diurne;0;0;0;3;12.43788;41.81691;-1;1;Autovettura privata;In marcia / fermata / arresto;Conducente;M;Illeso;0;;Non accertato;Inesploso
2155403;12;29/09/2014 08:25;Strada Urbana;PIAZZA AZOLINO HAZON;da specificare;;;;Rotatoria altezza via Sansotta;Scontro laterale fra veicoli in marcia;Rotatoria;Una carreggiata a senso unico di marcia;Asciutto;Asfaltata;Verticale ed orizzontale;Sereno;Normale;Buona;Ore Diurne;0;0;0;3;12.43788;41.81691;-1;2;Autovettura privata;In marcia / fermata / arresto;Conducente;M;Illeso;0;;Non accertato;Inesploso
2155403;12;29/09/2014 08:25;Strada Urbana;PIAZZA AZOLINO HAZON;da specificare;;;;Rotatoria altezza via Sansotta;Scontro laterale fra veicoli in marcia;Rotatoria;Una carreggiata a senso unico di marcia;Asciutto;Asfaltata;Verticale ed orizzontale;Sereno;Normale;Buona;Ore Diurne;0;0;0;3;12.43788;41.81691;-1;2;Autovettura privata;In marcia / fermata / arresto;Passeggero;F;Illeso;0;;Non accertato;Inesploso
2155407;3;26/09/2014 16:10;Strada Urbana;VIA DEI SARDI;all'intersezione con;VIA DEI VOLSCI;VIA DEI VOLSCI;;;Investimento di pedone;Intersezione stradale segnalata;Una carreggiata a senso unico di marcia;Asciutto;Asfaltata;Verticale ed orizzontale;Sereno;Normale;Buona;Ore Diurne;1;0;0;1;12.51552;41.8981;-1;;;;Pedone;F;Rimandato;0;NON DECEDUTO;;
2155407;3;26/09/2014 16:10;Strada Urbana;VIA DEI SARDI;all'intersezione con;VIA DEI VOLSCI;VIA DEI VOLSCI;;;Investimento di pedone;Intersezione stradale segnalata;Una carreggiata a senso unico di marcia;Asciutto;Asfaltata;Verticale ed orizzontale;Sereno;Normale;Buona;Ore Diurne;1;0;0;1;12.51552;41.8981;-1;1;Motociclo a solo;In marcia / fermata / arresto;Conducente;M;Illeso;0;;Non accertato;
2155411;3;27/09/2014 22:50;Strada Urbana;VIA NOMENTANA;in corrispondenza;;del civico n.;115;;Scontro laterale fra veicoli in marcia;Rettilineo;Più di due carreggiate;Asciutto;Asfaltata;Verticale ed orizzontale;Sereno;Scarso;Sufficiente;Sufficiente;2;0;0;3;12.50425;41.91151;-1;1;Autovettura privata;In marcia / fermata / arresto;Conducente;M;Illeso;0;;Non accertato;Inesploso
2155411;3;27/09/2014 22:50;Strada Urbana;VIA NOMENTANA;in corrispondenza;;del civico n.;115;;Scontro laterale fra veicoli in marcia;Rettilineo;Più di due carreggiate;Asciutto;Asfaltata;Verticale ed orizzontale;Sereno;Scarso;Sufficiente;Sufficiente;2;0;0;3;12.50425;41.91151;-1;1;Autovettura privata;In marcia / fermata / arresto;Passeggero;F;Illeso;0;;Non accertato;Inesploso
2155411;3;27/09/2014 22:50;Strada Urbana;VIA NOMENTANA;in corrispondenza;;del civico n.;115;;Scontro laterale fra veicoli in marcia;Rettilineo;Più di due carreggiate;Asciutto;Asfaltata;Verticale ed orizzontale;Sereno;Scarso;Sufficiente;Sufficiente;2;0;0;3;12.50425;41.91151;-1;1;Autovettura privata;In marcia / fermata / arresto;Passeggero;M;Illeso;0;;Non accertato;Inesploso
2155411;3;27/09/2014 22:50;Strada Urbana;VIA NOMENTANA;in corrispondenza;;del civico n.;115;;Scontro laterale fra veicoli in marcia;Rettilineo;Più di due carreggiate;Asciutto;Asfaltata;Verticale ed orizzontale;Sereno;Scarso;Sufficiente;Sufficiente;2;0;0;3;12.50425;41.91151;-1;2;Motociclo con passeggero;In marcia / fermata / arresto;Conducente;M;Rimandato;0;NON DECEDUTO;Non accertato;
2155411;3;27/09/2014 22:50;Strada Urbana;VIA NOMENTANA;in corrispondenza;;del civico n.;115;;Scontro laterale fra veicoli in marcia;Rettilineo;Più di due carreggiate;Asciutto;Asfaltata;Verticale ed orizzontale;Sereno;Scarso;Sufficiente;Sufficiente;2;0;0;3;12.50425;41.91151;-1;2;Motociclo con passeggero;In marcia / fermata / arresto;Passeggero;M;Rimandato;0;NON DECEDUTO;Non accertato;
2155413;3;26/09/2014 17:20;Strada Urbana;VIALE DELLO SCALO S. LORENZO;in prossimità;;del civico n.;36;;Scontro laterale fra veicoli in marcia;Rettilineo;Più di due carreggiate;Asciutto;Asfaltata;Verticale ed orizzontale;Sereno;Intenso;Buona;Ore Diurne;0;0;0;4;12.5181;41.89512;-1;1;Autovettura privata;In marcia / fermata / arresto;Conducente;M;Illeso;0;;Utilizzato;Inesploso
2155413;3;26/09/2014 17:20;Strada Urbana;VIALE DELLO SCALO S. LORENZO;in prossimità;;del civico n.;36;;Scontro laterale fra veicoli in marcia;Rettilineo;Più di due carreggiate;Asciutto;Asfaltata;Verticale ed orizzontale;Sereno;Intenso;Buona;Ore Diurne;0;0;0;4;12.5181;41.89512;-1;1;Autovettura privata;In marcia / fermata / arresto;Passeggero;F;Illeso;0;;Utilizzato;Inesploso
2155413;3;26/09/2014 17:20;Strada Urbana;VIALE DELLO SCALO S. LORENZO;in prossimità;;del civico n.;36;;Scontro laterale fra veicoli in marcia;Rettilineo;Più di due carreggiate;Asciutto;Asfaltata;Verticale ed orizzontale;Sereno;Intenso;Buona;Ore Diurne;0;0;0;4;12.5181;41.89512;-1;2;Autovettura privata;In marcia / fermata / arresto;Conducente;F;Illeso;0;;Utilizzato;Inesploso
2155413;3;26/09/2014 17:20;Strada Urbana;VIALE DELLO SCALO S. LORENZO;in prossimità;;del civico n.;36;;Scontro laterale fra veicoli in marcia;Rettilineo;Più di due carreggiate;Asciutto;Asfaltata;Verticale ed orizzontale;Sereno;Intenso;Buona;Ore Diurne;0;0;0;4;12.5181;41.89512;-1;2;Autovettura privata;In marcia / fermata / arresto;Passeggero;F;Illeso;0;;Utilizzato;Inesploso
2155416;7;27/09/2014 09:50;Strada Urbana;PIAZZA CESARE DE CUPIS;da specificare;;;;DI FRONTE ALL' EDICOLA;Investimento di pedone;Rotatoria;Una carreggiata a senso unico di marcia;Asciutto;Asfaltata;Verticale ed orizzontale;Sereno;Intenso;Buona;Ore Diurne;1;0;0;1;12.58978;41.90421;-1;;;;Pedone;F;Rimandato;0;NON DECEDUTO;;
2155416;7;27/09/2014 09:50;Strada Urbana;PIAZZA CESARE DE CUPIS;da specificare;;;;DI FRONTE ALL' EDICOLA;Investimento di pedone;Rotatoria;Una carreggiata a senso unico di marcia;Asciutto;Asfaltata;Verticale ed orizzontale;Sereno;Intenso;Buona;Ore Diurne;1;0;0;1;12.58978;41.90421;-1;1;Autovettura privata;In marcia / fermata / arresto;Conducente;F;Illeso;0;;Non accertato;Inesploso
2155418;19;28/09/2014 06:20;Strada Urbana;VIA DI BOCCEA;in prossimità;;del civico n.;861;;Scontro laterale fra veicoli in marcia;Curva a visuale libera;Una carreggiata a doppio senso;Asciutto;Asfaltata;Assente;Sereno;Scarso;Buona;Ore Diurne;0;0;0;3;12.35732;41.9284;-1;1;Autovettura privata;In marcia / fermata / arresto;Conducente;M;Illeso;0;;Non accertato;Inesploso
2155418;19;28/09/2014 06:20;Strada Urbana;VIA DI BOCCEA;in prossimità;;del civico n.;861;;Scontro laterale fra veicoli in marcia;Curva a visuale libera;Una carreggiata a doppio senso;Asciutto;Asfaltata;Assente;Sereno;Scarso;Buona;Ore Diurne;0;0;0;3;12.35732;41.9284;-1;1;Autovettura privata;In marcia / fermata / arresto;Passeggero;M;Illeso;0;;Non accertato;Inesploso
2155418;19;28/09/2014 06:20;Strada Urbana;VIA DI BOCCEA;in prossimità;;del civico n.;861;;Scontro laterale fra veicoli in marcia;Curva a visuale libera;Una carreggiata a doppio senso;Asciutto;Asfaltata;Assente;Sereno;Scarso;Buona;Ore Diurne;0;0;0;3;12.35732;41.9284;-1;2;Autovettura privata;In marcia / fermata / arresto;Conducente;M;Illeso;0;;Non accertato;Inesploso
2155427;3;27/09/2014 00:20;Strada Urbana;VIA TIBURTINA;all'intersezione semaforizzata con;VIA DI PORTONACCIO;VIA DI PORTONACCIO;;;Tamponamento;Incrocio;Più di due carreggiate;Asciutto;Asfaltata;Verticale ed orizzontale;Sereno;Scarso;Buona;Sufficiente;0;0;0;3;12.53426;41.90814;-1;1;Autovettura di polizia;In marcia / fermata / arresto;Conducente;M;Illeso;0;;Non accertato;Inesploso